,tickers
0,A
1,AA
2,AAA
3,AAC
4,AACG
5,AACQ
6,AAIC
7,AAL
8,AAME
9,AAN
10,AAOI
11,AAON
12,AAP
13,AAPL
14,AAT
15,AAU
16,AAWW
17,AB
18,ABB
19,ABBV
20,ABC
21,ABCB
22,ABCL
23,ABCM
24,ABEO
25,ABEV
26,ABG
27,ABGI
28,ABIO
29,ABM
30,ABMD
31,ABNB
32,ABR
33,ABR^A
34,ABR^B
35,ABR^C
36,ABST
37,ABT
38,ABTX
39,ABUS
40,AC
41,ACA
42,ACAC
43,ACACU
44,ACACW
45,ACAD
46,ACAH
47,ACAHU
48,ACAHW
49,ACB
50,ACBA
51,ACBAU
52,ACBAW
53,ACBI
54,ACC
55,ACCD
56,ACCO
57,ACEL
58,ACER
59,ACET
60,ACEV
61,ACEVU
62,ACEVW
63,ACGL
64,ACGLO
65,ACGLP
66,ACH
67,ACHC
68,ACHL
69,ACHV
70,ACI
71,ACIC
72,ACII
73,ACIU
74,ACIW
75,ACKIT
76,ACKIU
77,ACKIW
78,ACLS
79,ACM
80,ACMR
81,ACN
82,ACNB
83,ACND
84,ACOR
85,ACP
86,ACP^A
87,ACQR
88,ACQRU
89,ACQRW
90,ACR
91,ACRE
92,ACRS
93,ACRX
94,ACR^C
95,ACST
96,ACTC
97,ACTCU
98,ACTCW
99,ACTD
100,ACTDU
101,ACTDW
102,ACTG
103,ACU
104,ACV
105,ACVA
106,ACY
107,ADAG
108,ADAP
109,ADBE
110,ADC
111,ADCT
112,ADER
113,ADERU
114,ADERW
115,ADES
116,ADEX
117,ADI
118,ADIL
119,ADILW
120,ADM
121,ADMA
122,ADMP
123,ADMS
124,ADN
125,ADNT
126,ADNWW
127,ADOC
128,ADOCR
129,ADOCW
130,ADP
131,ADPT
132,ADRA
133,ADS
134,ADSK
135,ADT
136,ADTN
137,ADTX
138,ADUS
139,ADV
140,ADVM
141,ADVWW
142,ADX
143,ADXN
144,ADXS
145,AE
146,AEAC
147,AEACU
148,AEACW
149,AEB
150,AEE
151,AEF
152,AEFC
153,AEG
154,AEHL
155,AEHR
156,AEI
157,AEIS
158,AEL
159,AEL^A
160,AEL^B
161,AEM
162,AEMD
163,AENZ
164,AEO
165,AEP
166,AEPPL
167,AEPPZ
168,AER
169,AERI
170,AES
171,AESC
172,AESE
173,AEVA
174,AEY
175,AEYE
176,AEZS
177,AFAQ
178,AFAQU
179,AFAQW
180,AFB
181,AFBI
182,AFCG
183,AFG
184,AFGB
185,AFGC
186,AFGD
187,AFGE
188,AFI
189,AFIB
190,AFIN
191,AFINO
192,AFINP
193,AFL
194,AFMD
195,AFRM
196,AFT
197,AFYA
198,AG
199,AGAC
200,AGBA
201,AGBAR
202,AGBAW
203,AGC
204,AGCB
205,AGCO
206,AGCUU
207,AGCWW
208,AGD
209,AGE
210,AGEN
211,AGFS
212,AGFY
213,AGGR
214,AGGRU
215,AGGRW
216,AGI
217,AGIO
218,AGL
219,AGLE
220,AGM
221,AGMH
222,AGM^C
223,AGM^D
224,AGM^E
225,AGM^F
226,AGNC
227,AGNCM
228,AGNCN
229,AGNCO
230,AGNCP
231,AGO
232,AGO^B
233,AGO^E
234,AGO^F
235,AGR
236,AGRO
237,AGRX
238,AGS
239,AGTC
240,AGTI
241,AGX
242,AGYS
243,AHAC
244,AHACW
245,AHC
246,AHCO
247,AHH
248,AHH^A
249,AHL^C
250,AHL^D
251,AHL^E
252,AHPI
253,AHT
254,AHT^D
255,AHT^F
256,AHT^G
257,AHT^H
258,AHT^I
259,AI
260,AIC
261,AIF
262,AIG
263,AIG^A
264,AIH
265,AIHS
266,AIKI
267,AIM
268,AIMC
269,AIN
270,AINC
271,AINV
272,AIO
273,AIR
274,AIRC
275,AIRG
276,AIRI
277,AIRT
278,AIRTP
279,AIRTW
280,AIT
281,AIV
282,AIW
283,AIZ
284,AIZN
285,AJAX
286,AJG
287,AJRD
288,AJX
289,AJXA
290,AKAM
291,AKBA
292,AKIC
293,AKICU
294,AKO/A
295,AKO/B
296,AKR
297,AKRO
298,AKTS
299,AKTX
300,AKU
301,AKUS
302,AKYA
303,AL
304,ALAC
305,ALACR
306,ALACW
307,ALB
308,ALBO
309,ALC
310,ALCO
311,ALDX
312,ALE
313,ALEC
314,ALEX
315,ALF
316,ALFIW
317,ALG
318,ALGM
319,ALGN
320,ALGS
321,ALGT
322,ALHC
323,ALIM
324,ALIN^A
325,ALIN^B
326,ALIN^E
327,ALJJ
328,ALK
329,ALKS
330,ALKT
331,ALL
332,ALLE
333,ALLK
334,ALLO
335,ALLT
336,ALLY
337,ALLY^A
338,ALL^B
339,ALL^G
340,ALL^H
341,ALL^I
342,ALNA
343,ALNY
344,ALOT
345,ALPN
346,ALP^Q
347,ALRM
348,ALRN
349,ALRS
350,ALSK
351,ALSN
352,ALT
353,ALTA
354,ALTG
355,ALTG^A
356,ALTM
357,ALTO
358,ALTR
359,ALTU
360,ALTUU
361,ALTUW
362,ALUS
363,ALV
364,ALVR
365,ALX
366,ALXN
367,ALXO
368,ALYA
369,AL^A
370,AM
371,AMAL
372,AMAO
373,AMAOU
374,AMAOW
375,AMAT
376,AMBA
377,AMBC
378,AMBO
379,AMC
380,AMCR
381,AMCX
382,AMD
383,AME
384,AMED
385,AMEH
386,AMG
387,AMGN
388,AMH
389,AMHC
390,AMHCU
391,AMHCW
392,AMH^D
393,AMH^E
394,AMH^F
395,AMH^G
396,AMH^H
397,AMK
398,AMKR
399,AMN
400,AMNB
401,AMOT
402,AMOV
403,AMP
404,AMPE
405,AMPG
406,AMPGW
407,AMPH
408,AMPI
409,AMPY
410,AMR
411,AMRB
412,AMRC
413,AMRK
414,AMRN
415,AMRS
416,AMRX
417,AMS
418,AMSC
419,AMSF
420,AMST
421,AMSWA
422,AMT
423,AMTB
424,AMTBB
425,AMTI
426,AMTX
427,AMWD
428,AMWL
429,AMX
430,AMYT
431,AMZN
432,AN
433,ANAB
434,ANAC
435,ANAT
436,ANDA
437,ANDAR
438,ANDAU
439,ANDAW
440,ANDE
441,ANEB
442,ANET
443,ANF
444,ANGI
445,ANGN
446,ANGO
447,ANIK
448,ANIP
449,ANIX
450,ANNX
451,ANPC
452,ANSS
453,ANTE
454,ANTM
455,ANVS
456,ANY
457,ANZU
458,ANZUU
459,ANZUW
460,AOD
461,AON
462,AONE
463,AOS
464,AOSL
465,AOUT
466,AP
467,APA
468,APAM
469,APD
470,APDN
471,APEI
472,APEN
473,APG
474,APGB
475,APH
476,API
477,APLE
478,APLS
479,APLT
480,APM
481,APO
482,APOG
483,APOP
484,APOPW
485,APO^A
486,APO^B
487,APP
488,APPF
489,APPH
490,APPHW
491,APPN
492,APPS
493,APR
494,APRE
495,APRN
496,APSG
497,APT
498,APTO
499,APTS
500,APTV
501,APTV^A
502,APTX
503,APVO
504,APWC
505,APXT
506,APXTU
507,APXTW
508,APYX
509,AQB
510,AQMS
511,AQN
512,AQNA
513,AQNB
514,AQST
515,AQUA
516,AR
517,ARAV
518,ARAY
519,ARBG
520,ARBGU
521,ARBGW
522,ARC
523,ARCB
524,ARCC
525,ARCE
526,ARCH
527,ARCO
528,ARCT
529,ARD
530,ARDC
531,ARDS
532,ARDX
533,ARE
534,AREC
535,ARES
536,ARES^A
537,ARGD
538,ARGO
539,ARGO^A
540,ARGX
541,ARI
542,ARKO
543,ARKOW
544,ARKR
545,ARL
546,ARLO
547,ARLP
548,ARMK
549,ARMP
550,ARNA
551,ARNC
552,AROC
553,AROW
554,ARPO
555,ARQT
556,ARR
557,ARRW
558,ARRWU
559,ARRWW
560,ARRY
561,ARR^C
562,ARTAU
563,ARTL
564,ARTLW
565,ARTNA
566,ARTW
567,ARVL
568,ARVLW
569,ARVN
570,ARW
571,ARWR
572,ARYA
573,ARYD
574,ASA
575,ASAI
576,ASAN
577,ASAQ
578,ASAX
579,ASAXU
580,ASAXW
581,ASB
582,ASB^C
583,ASB^D
584,ASB^E
585,ASB^F
586,ASC
587,ASG
588,ASGI
589,ASGN
590,ASH
591,ASIX
592,ASLE
593,ASLEW
594,ASLN
595,ASM
596,ASMB
597,ASML
598,ASND
599,ASO
600,ASPC
601,ASPCU
602,ASPCW
603,ASPL
604,ASPN
605,ASPS
606,ASPU
607,ASR
608,ASRT
609,ASRV
610,ASRVP
611,ASTC
612,ASTE
613,ASTS
614,ASTSW
615,ASUR
616,ASX
617,ASXC
618,ASYS
619,ASZ
620,ATA
621,ATAQ
622,ATAX
623,ATC
624,ATCO
625,ATCOL
626,ATCO^D
627,ATCO^E
628,ATCO^G
629,ATCO^H
630,ATCO^I
631,ATCX
632,ATEC
633,ATEN
634,ATER
635,ATEX
636,ATGE
637,ATH
638,ATHA
639,ATHE
640,ATHM
641,ATHN
642,ATHX
643,ATH^A
644,ATH^B
645,ATH^C
646,ATH^D
647,ATI
648,ATIF
649,ATKR
650,ATLC
651,ATLO
652,ATMR
653,ATNF
654,ATNFW
655,ATNI
656,ATNM
657,ATNX
658,ATO
659,ATOM
660,ATOS
661,ATR
662,ATRA
663,ATRC
664,ATRI
665,ATRO
666,ATRS
667,ATSG
668,ATSPT
669,ATSPU
670,ATSPW
671,ATTO
672,ATUS
673,ATVC
674,ATVCU
675,ATVCW
676,ATVI
677,ATXI
678,AU
679,AUB
680,AUBAP
681,AUBN
682,AUD
683,AUDC
684,AUMN
685,AUPH
686,AURC
687,AURCU
688,AURCW
689,AUS
690,AUTL
691,AUTO
692,AUUD
693,AUUDW
694,AUVI
695,AUY
696,AVA
697,AVAH
698,AVAL
699,AVAN
700,AVAV
701,AVB
702,AVCO
703,AVCT
704,AVCTW
705,AVD
706,AVDL
707,AVEO
708,AVGO
709,AVGOP
710,AVGR
711,AVID
712,AVIR
713,AVK
714,AVLR
715,AVNS
716,AVNT
717,AVNW
718,AVO
719,AVRO
720,AVT
721,AVTR
722,AVTR^A
723,AVXL
724,AVY
725,AVYA
726,AWF
727,AWH
728,AWI
729,AWK
730,AWP
731,AWR
732,AWRE
733,AWX
734,AX
735,AXAS
736,AXDX
737,AXGN
738,AXL
739,AXLA
740,AXNX
741,AXON
742,AXP
743,AXR
744,AXS
745,AXSM
746,AXS^E
747,AXTA
748,AXTI
749,AXU
750,AY
751,AYI
752,AYLA
753,AYRO
754,AYTU
755,AYX
756,AZEK
757,AZN
758,AZO
759,AZPN
760,AZRE
761,AZRX
762,AZUL
763,AZYO
764,AZZ
765,B
766,BA
767,BABA
768,BAC
769,BAC^B
770,BAC^E
771,BAC^K
772,BAC^L
773,BAC^M
774,BAC^N
775,BAC^O
776,BAC^P
777,BAH
778,BAK
779,BALL
780,BALY
781,BAM
782,BAMH
783,BAMI
784,BANC
785,BANC^E
786,BAND
787,BANF
788,BANFP
789,BANR
790,BANX
791,BAOS
792,BAP
793,BATL
794,BATRA
795,BATRK
796,BAX
797,BB
798,BBAR
799,BBBY
800,BBCP
801,BBD
802,BBDC
803,BBDO
804,BBGI
805,BBI
806,BBIG
807,BBIO
808,BBL
809,BBN
810,BBQ
811,BBSI
812,BBU
813,BBVA
814,BBW
815,BBWI
816,BBY
817,BC
818,BCAB
819,BCAC
820,BCACU
821,BCACW
822,BCAT
823,BCBP
824,BCC
825,BCDA
826,BCDAW
827,BCE
828,BCEI
829,BCEL
830,BCH
831,BCLI
832,BCML
833,BCO
834,BCOR
835,BCOV
836,BCOW
837,BCPC
838,BCRX
839,BCS
840,BCSF
841,BCTG
842,BCTX
843,BCTXW
844,BCV
845,BCV^A
846,BCX
847,BCYC
848,BCYP
849,BCYPU
850,BCYPW
851,BC^A
852,BC^B
853,BC^C
854,BDC
855,BDJ
856,BDL
857,BDN
858,BDR
859,BDSI
860,BDSX
861,BDTX
862,BDX
863,BDXB
864,BE
865,BEAM
866,BECN
867,BEDU
868,BEEM
869,BEEMW
870,BEKE
871,BELFA
872,BELFB
873,BEN
874,BENE
875,BENER
876,BENEU
877,BENEW
878,BEP
879,BEPC
880,BEPH
881,BEP^A
882,BERY
883,BEST
884,BF.B
885,BF/A
886,BF/B
887,BFAM
888,BFC
889,BFI
890,BFIIW
891,BFIN
892,BFK
893,BFLY
894,BFRA
895,BFS
896,BFST
897,BFS^D
898,BFS^E
899,BFZ
900,BG
901,BGB
902,BGCP
903,BGFV
904,BGH
905,BGI
906,BGIO
907,BGNE
908,BGR
909,BGS
910,BGSF
911,BGSX
912,BGT
913,BGX
914,BGY
915,BH
916,BHAT
917,BHB
918,BHC
919,BHE
920,BHF
921,BHFAL
922,BHFAN
923,BHFAO
924,BHFAP
925,BHK
926,BHLB
927,BHP
928,BHR
929,BHR^B
930,BHR^D
931,BHSE
932,BHSEW
933,BHTG
934,BHV
935,BHVN
936,BIDU
937,BIF
938,BIG
939,BIGC
940,BIGZ
941,BIIB
942,BILI
943,BILL
944,BIMI
945,BIO
946,BIO/B
947,BIOC
948,BIOL
949,BIOT
950,BIOTU
951,BIOTW
952,BIOX
953,BIP
954,BIPC
955,BIPH
956,BIP^A
957,BIP^B
958,BIT
959,BITE
960,BIVI
961,BJ
962,BJRI
963,BK
964,BKCC
965,BKD
966,BKE
967,BKEP
968,BKEPP
969,BKH
970,BKI
971,BKN
972,BKNG
973,BKR
974,BKSC
975,BKT
976,BKTI
977,BKU
978,BKYI
979,BL
980,BLBD
981,BLCM
982,BLCT
983,BLD
984,BLDE
985,BLDEW
986,BLDP
987,BLDR
988,BLE
989,BLFS
990,BLI
991,BLIN
992,BLK
993,BLKB
994,BLL
995,BLMN
996,BLNK
997,BLNKW
998,BLPH
999,BLRX
1000,BLSA
1001,BLTS
1002,BLTSU
1003,BLTSW
1004,BLU
1005,BLUA
1006,BLUE
1007,BLUW
1008,BLUWU
1009,BLUWW
1010,BLW
1011,BLX
1012,BMA
1013,BMBL
1014,BME
1015,BMEA
1016,BMEZ
1017,BMI
1018,BML^G
1019,BML^H
1020,BML^J
1021,BML^L
1022,BMO
1023,BMRA
1024,BMRC
1025,BMRN
1026,BMTC
1027,BMTX
1028,BMY
1029,BNED
1030,BNFT
1031,BNGO
1032,BNGOW
1033,BNL
1034,BNR
1035,BNS
1036,BNSO
1037,BNTC
1038,BNTX
1039,BNY
1040,BOAC
1041,BOAS
1042,BOCH
1043,BOE
1044,BOH
1045,BOKF
1046,BOKFL
1047,BOLT
1048,BOMN
1049,BOOM
1050,BOOT
1051,BORR
1052,BOSC
1053,BOTJ
1054,BOWX
1055,BOWXU
1056,BOWXW
1057,BOX
1058,BOXL
1059,BP
1060,BPFH
1061,BPMC
1062,BPMP
1063,BPOP
1064,BPOPM
1065,BPOPN
1066,BPRN
1067,BPT
1068,BPTH
1069,BPTS
1070,BPY
1071,BPYPN
1072,BPYPO
1073,BPYPP
1074,BPYU
1075,BPYUP
1076,BQ
1077,BR
1078,BRBR
1079,BRBS
1080,BRC
1081,BRCN
1082,BREZ
1083,BREZR
1084,BREZW
1085,BRFS
1086,BRG
1087,BRG^C
1088,BRG^D
1089,BRID
1090,BRIVU
1091,BRK.B
1092,BRK/A
1093,BRK/B
1094,BRKL
1095,BRKR
1096,BRKS
1097,BRLI
1098,BRLIR
1099,BRLIU
1100,BRLIW
1101,BRMK
1102,BRN
1103,BRO
1104,BROG
1105,BRP
1106,BRPM
1107,BRPMU
1108,BRQS
1109,BRT
1110,BRX
1111,BRY
1112,BSA
1113,BSAC
1114,BSBK
1115,BSBR
1116,BSET
1117,BSGM
1118,BSIG
1119,BSKYU
1120,BSL
1121,BSM
1122,BSMX
1123,BSN
1124,BSPE
1125,BSQR
1126,BSRR
1127,BST
1128,BSTZ
1129,BSVN
1130,BSX
1131,BSX^A
1132,BSY
1133,BTA
1134,BTAI
1135,BTAQ
1136,BTAQU
1137,BTAQW
1138,BTBT
1139,BTC-USD
1140,BTCM
1141,BTG
1142,BTI
1143,BTN
1144,BTNB
1145,BTO
1146,BTRS
1147,BTRSW
1148,BTT
1149,BTU
1150,BTWN
1151,BTWNU
1152,BTWNW
1153,BTX
1154,BTZ
1155,BUD
1156,BUI
1157,BUR
1158,BURL
1159,BUSE
1160,BV
1161,BVH
1162,BVN
1163,BVS
1164,BVXV
1165,BW
1166,BWA
1167,BWAC
1168,BWACU
1169,BWACW
1170,BWAY
1171,BWB
1172,BWEN
1173,BWFG
1174,BWG
1175,BWL/A
1176,BWMN
1177,BWMX
1178,BWSN
1179,BWXT
1180,BW^A
1181,BX
1182,BXC
1183,BXMT
1184,BXMX
1185,BXP
1186,BXRX
1187,BXS
1188,BXS^A
1189,BY
1190,BYD
1191,BYFC
1192,BYM
1193,BYND
1194,BYRN
1195,BYSI
1196,BYTS
1197,BYTSU
1198,BYTSW
1199,BZH
1200,BZUN
1201,C
1202,CAAP
1203,CAAS
1204,CABA
1205,CABO
1206,CAC
1207,CACC
1208,CACI
1209,CADE
1210,CAE
1211,CAF
1212,CAG
1213,CAH
1214,CAHC
1215,CAHCU
1216,CAHCW
1217,CAI
1218,CAI^A
1219,CAI^B
1220,CAJ
1221,CAKE
1222,CAL
1223,CALA
1224,CALB
1225,CALM
1226,CALT
1227,CALX
1228,CAMP
1229,CAMT
1230,CAN
1231,CANF
1232,CANG
1233,CAP
1234,CAPA
1235,CAPAU
1236,CAPAW
1237,CAPL
1238,CAPR
1239,CAR
1240,CARA
1241,CARE
1242,CARG
1243,CARR
1244,CARS
1245,CARV
1246,CAS
1247,CASA
1248,CASH
1249,CASI
1250,CASS
1251,CASY
1252,CAT
1253,CATB
1254,CATC
1255,CATM
1256,CATO
1257,CATY
1258,CB
1259,CBAH
1260,CBAN
1261,CBAT
1262,CBAY
1263,CBB
1264,CBB^B
1265,CBD
1266,CBFV
1267,CBH
1268,CBIO
1269,CBLI
1270,CBMB
1271,CBNK
1272,CBOE
1273,CBRE
1274,CBRL
1275,CBSH
1276,CBT
1277,CBTX
1278,CBU
1279,CBZ
1280,CC
1281,CCAC
1282,CCAP
1283,CCB
1284,CCBG
1285,CCCC
1286,CCD
1287,CCEP
1288,CCF
1289,CCI
1290,CCIV
1291,CCJ
1292,CCK
1293,CCL
1294,CCLP
1295,CCM
1296,CCMP
1297,CCNC
1298,CCNE
1299,CCNEP
1300,CCO
1301,CCOI
1302,CCRC
1303,CCRN
1304,CCS
1305,CCU
1306,CCV
1307,CCVI
1308,CCX
1309,CCXI
1310,CCZ
1311,CD
1312,CDAK
1313,CDAY
1314,CDE
1315,CDEV
1316,CDK
1317,CDLX
1318,CDMO
1319,CDNA
1320,CDNS
1321,CDOR
1322,CDR
1323,CDR^B
1324,CDR^C
1325,CDTX
1326,CDW
1327,CDXC
1328,CDXS
1329,CDZI
1330,CE
1331,CEA
1332,CECE
1333,CEE
1334,CEG
1335,CEIX
1336,CELC
1337,CELH
1338,CELP
1339,CEM
1340,CEMI
1341,CEN
1342,CENH
1343,CENHU
1344,CENHW
1345,CENT
1346,CENTA
1347,CENX
1348,CEPU
1349,CEQP
1350,CEQP^
1351,CERC
1352,CERE
1353,CEREW
1354,CERN
1355,CERS
1356,CERT
1357,CET
1358,CETX
1359,CETXP
1360,CETXW
1361,CEV
1362,CEVA
1363,CF
1364,CFAC
1365,CFACU
1366,CFACW
1367,CFB
1368,CFBK
1369,CFFE
1370,CFFEU
1371,CFFEW
1372,CFFI
1373,CFFN
1374,CFFVU
1375,CFFVW
1376,CFG
1377,CFG^D
1378,CFG^E
1379,CFIV
1380,CFIVU
1381,CFIVW
1382,CFMS
1383,CFR
1384,CFRX
1385,CFR^B
1386,CFV
1387,CFVI
1388,CFVIU
1389,CFVIW
1390,CFX
1391,CFXA
1392,CG
1393,CGA
1394,CGABL
1395,CGAU
1396,CGBD
1397,CGC
1398,CGEM
1399,CGEN
1400,CGNT
1401,CGNX
1402,CGO
1403,CGRN
1404,CHAA
1405,CHAQ
1406,CHCI
1407,CHCO
1408,CHCT
1409,CHD
1410,CHDN
1411,CHE
1412,CHEF
1413,CHEK
1414,CHEKZ
1415,CHFW
1416,CHGG
1417,CHH
1418,CHI
1419,CHK
1420,CHKEL
1421,CHKEW
1422,CHKEZ
1423,CHKP
1424,CHMA
1425,CHMG
1426,CHMI
1427,CHMI^A
1428,CHMI^B
1429,CHN
1430,CHNG
1431,CHNGU
1432,CHNR
1433,CHPM
1434,CHPMU
1435,CHPMW
1436,CHPT
1437,CHRA
1438,CHRS
1439,CHRW
1440,CHS
1441,CHSCL
1442,CHSCM
1443,CHSCN
1444,CHSCO
1445,CHSCP
1446,CHT
1447,CHTR
1448,CHUY
1449,CHW
1450,CHWY
1451,CHX
1452,CHY
1453,CI
1454,CIA
1455,CIB
1456,CIDM
1457,CIEN
1458,CIF
1459,CIG
1460,CIGI
1461,CIH
1462,CII
1463,CIK
1464,CIM
1465,CIM^A
1466,CIM^B
1467,CIM^C
1468,CIM^D
1469,CINF
1470,CINR
1471,CIO
1472,CIO^A
1473,CIR
1474,CIT
1475,CIT^B
1476,CIVB
1477,CIX
1478,CIXX
1479,CIZN
1480,CJJD
1481,CKPT
1482,CKX
1483,CL
1484,CLAA
1485,CLAR
1486,CLAS
1487,CLB
1488,CLBK
1489,CLBS
1490,CLDB
1491,CLDR
1492,CLDT
1493,CLDX
1494,CLEU
1495,CLF
1496,CLFD
1497,CLGN
1498,CLGX
1499,CLH
1500,CLI
1501,CLII
1502,CLIM
1503,CLIR
1504,CLLS
1505,CLM
1506,CLMT
1507,CLNC
1508,CLNE
1509,CLNN
1510,CLNNW
1511,CLNY
1512,CLNY^G
1513,CLNY^H
1514,CLNY^I
1515,CLNY^J
1516,CLOV
1517,CLOVW
1518,CLPR
1519,CLPS
1520,CLPT
1521,CLR
1522,CLRB
1523,CLRM
1524,CLRMU
1525,CLRMW
1526,CLRO
1527,CLS
1528,CLSD
1529,CLSK
1530,CLSN
1531,CLVR
1532,CLVRW
1533,CLVS
1534,CLVT
1535,CLW
1536,CLWT
1537,CLX
1538,CLXT
1539,CM
1540,CMA
1541,CMBM
1542,CMC
1543,CMCL
1544,CMCM
1545,CMCO
1546,CMCSA
1547,CMCT
1548,CMCTP
1549,CMD
1550,CME
1551,CMG
1552,CMI
1553,CMII
1554,CMIIU
1555,CMIIW
1556,CMLF
1557,CMLFU
1558,CMLFW
1559,CMLS
1560,CMLTU
1561,CMMB
1562,CMO
1563,CMO^E
1564,CMP
1565,CMPI
1566,CMPR
1567,CMPS
1568,CMRE
1569,CMRE^B
1570,CMRE^C
1571,CMRE^D
1572,CMRE^E
1573,CMRX
1574,CMS
1575,CMSA
1576,CMSC
1577,CMSD
1578,CMS^B
1579,CMT
1580,CMTL
1581,CMU
1582,CNA
1583,CNBKA
1584,CNC
1585,CNCE
1586,CND
1587,CNDT
1588,CNET
1589,CNEY
1590,CNF
1591,CNFR
1592,CNFRL
1593,CNHI
1594,CNI
1595,CNK
1596,CNMD
1597,CNNB
1598,CNNE
1599,CNO
1600,CNOB
1601,CNO^A
1602,CNP
1603,CNP^B
1604,CNQ
1605,CNR
1606,CNS
1607,CNSL
1608,CNSP
1609,CNST
1610,CNTB
1611,CNTG
1612,CNTY
1613,CNX
1614,CNXC
1615,CNXN
1616,CO
1617,COCP
1618,CODA
1619,CODI
1620,CODI^A
1621,CODI^B
1622,CODI^C
1623,CODX
1624,COE
1625,COF
1626,COFS
1627,COF^G
1628,COF^H
1629,COF^I
1630,COF^J
1631,COF^K
1632,COF^L
1633,COG
1634,COGT
1635,COHN
1636,COHR
1637,COHU
1638,COIN
1639,COKE
1640,COLB
1641,COLD
1642,COLI
1643,COLIU
1644,COLIW
1645,COLL
1646,COLM
1647,COMM
1648,COMP
1649,COMS
1650,COMSW
1651,CONE
1652,CONN
1653,CONX
1654,CONXU
1655,CONXW
1656,COO
1657,COOL
1658,COOLU
1659,COOLW
1660,COOP
1661,COP
1662,COR
1663,CORE
1664,CORR
1665,CORR^A
1666,CORT
1667,COST
1668,COTY
1669,COUP
1670,COUR
1671,COVA
1672,COVAU
1673,COVAW
1674,COWN
1675,COWNL
1676,CP
1677,CPA
1678,CPAC
1679,CPARU
1680,CPB
1681,CPE
1682,CPF
1683,CPG
1684,CPHC
1685,CPHI
1686,CPIX
1687,CPK
1688,CPLG
1689,CPLP
1690,CPNG
1691,CPRI
1692,CPRT
1693,CPRX
1694,CPS
1695,CPSH
1696,CPSI
1697,CPSR
1698,CPSS
1699,CPT
1700,CPTA
1701,CPTAG
1702,CPTAL
1703,CPTK
1704,CPUH
1705,CPZ
1706,CQP
1707,CR
1708,CRAI
1709,CRBP
1710,CRC
1711,CRCT
1712,CRD/A
1713,CRD/B
1714,CRDF
1715,CREE
1716,CREG
1717,CRESY
1718,CREX
1719,CREXW
1720,CRF
1721,CRH
1722,CRHC
1723,CRI
1724,CRIS
1725,CRK
1726,CRKN
1727,CRL
1728,CRM
1729,CRMD
1730,CRMT
1731,CRNC
1732,CRNT
1733,CRNX
1734,CRON
1735,CROX
1736,CRS
1737,CRSA
1738,CRSAU
1739,CRSAW
1740,CRSP
1741,CRSR
1742,CRT
1743,CRTD
1744,CRTDW
1745,CRTO
1746,CRTX
1747,CRU
1748,CRUS
1749,CRVL
1750,CRVS
1751,CRWD
1752,CRWS
1753,CRY
1754,CRZNU
1755,CRZNW
1756,CS
1757,CSAN
1758,CSBR
1759,CSCO
1760,CSCW
1761,CSGP
1762,CSGS
1763,CSII
1764,CSIQ
1765,CSL
1766,CSLT
1767,CSOD
1768,CSPI
1769,CSPR
1770,CSQ
1771,CSR
1772,CSR^C
1773,CSSE
1774,CSSEN
1775,CSSEP
1776,CSTA
1777,CSTE
1778,CSTL
1779,CSTM
1780,CSTR
1781,CSU
1782,CSV
1783,CSWC
1784,CSWI
1785,CSX
1786,CTAC
1787,CTAQ
1788,CTAQU
1789,CTAQW
1790,CTAS
1791,CTA^A
1792,CTA^B
1793,CTB
1794,CTBB
1795,CTBI
1796,CTDD
1797,CTEK
1798,CTG
1799,CTHR
1800,CTIB
1801,CTIC
1802,CTK
1803,CTLP
1804,CTLT
1805,CTMX
1806,CTO
1807,CTOS
1808,CTR
1809,CTRA
1810,CTRE
1811,CTRM
1812,CTRN
1813,CTS
1814,CTSH
1815,CTSO
1816,CTT
1817,CTVA
1818,CTXR
1819,CTXRW
1820,CTXS
1821,CUBA
1822,CUBB
1823,CUBE
1824,CUBI
1825,CUBI^C
1826,CUBI^D
1827,CUBI^E
1828,CUBI^F
1829,CUE
1830,CUEN
1831,CUENW
1832,CUK
1833,CULP
1834,CURI
1835,CURIW
1836,CURO
1837,CUTR
1838,CUZ
1839,CVA
1840,CVAC
1841,CVBF
1842,CVCO
1843,CVCY
1844,CVE
1845,CVEO
1846,CVET
1847,CVGI
1848,CVGW
1849,CVI
1850,CVII
1851,CVLG
1852,CVLT
1853,CVLY
1854,CVM
1855,CVNA
1856,CVR
1857,CVS
1858,CVU
1859,CVV
1860,CVX
1861,CW
1862,CWBC
1863,CWBR
1864,CWCO
1865,CWEN
1866,CWH
1867,CWK
1868,CWST
1869,CWT
1870,CX
1871,CXDC
1872,CXDO
1873,CXE
1874,CXH
1875,CXP
1876,CXW
1877,CYAD
1878,CYAN
1879,CYBE
1880,CYBR
1881,CYCC
1882,CYCCP
1883,CYCN
1884,CYD
1885,CYH
1886,CYRN
1887,CYRX
1888,CYTH
1889,CYTHW
1890,CYTK
1891,CZNC
1892,CZR
1893,CZWI
1894,C^J
1895,C^K
1896,C^N
1897,D
1898,DAC
1899,DADA
1900,DAIO
1901,DAKT
1902,DAL
1903,DAN
1904,DAO
1905,DAR
1906,DARE
1907,DASH
1908,DAVA
1909,DAWN
1910,DB
1911,DBD
1912,DBDR
1913,DBDRU
1914,DBDRW
1915,DBGI
1916,DBGIW
1917,DBI
1918,DBL
1919,DBTX
1920,DBVT
1921,DBX
1922,DCBO
1923,DCF
1924,DCI
1925,DCO
1926,DCOM
1927,DCOMP
1928,DCP
1929,DCPH
1930,DCP^B
1931,DCP^C
1932,DCRB
1933,DCRBU
1934,DCRBW
1935,DCRC
1936,DCRCU
1937,DCRCW
1938,DCRN
1939,DCRNU
1940,DCRNW
1941,DCT
1942,DCTH
1943,DCUE
1944,DD
1945,DDD
1946,DDF
1947,DDMX
1948,DDMXU
1949,DDOG
1950,DDS
1951,DDT
1952,DE
1953,DEA
1954,DECK
1955,DEH
1956,DEI
1957,DELL
1958,DEN
1959,DENN
1960,DEO
1961,DESP
1962,DEX
1963,DFFN
1964,DFH
1965,DFHT
1966,DFHTW
1967,DFIN
1968,DFNS
1969,DFP
1970,DFPH
1971,DFPHU
1972,DFS
1973,DG
1974,DGICA
1975,DGICB
1976,DGII
1977,DGLY
1978,DGNR
1979,DGNS
1980,DGNU
1981,DGX
1982,DHBC
1983,DHBCU
1984,DHBCW
1985,DHC
1986,DHCA
1987,DHCAU
1988,DHCAW
1989,DHCNI
1990,DHCNL
1991,DHF
1992,DHHC
1993,DHHCU
1994,DHHCW
1995,DHI
1996,DHIL
1997,DHR
1998,DHR^A
1999,DHR^B
2000,DHT
2001,DHX
2002,DHY
2003,DIAX
2004,DIN
2005,DIOD
2006,DIS
2007,DISA
2008,DISAU
2009,DISAW
2010,DISCA
2011,DISCB
2012,DISCK
2013,DISH
2014,DIT
2015,DJCO
2016,DK
2017,DKDCU
2018,DKL
2019,DKNG
2020,DKS
2021,DLA
2022,DLB
2023,DLCA
2024,DLCAU
2025,DLCAW
2026,DLHC
2027,DLNG
2028,DLNG^A
2029,DLNG^B
2030,DLPN
2031,DLR
2032,DLR^J
2033,DLR^K
2034,DLR^L
2035,DLTH
2036,DLTR
2037,DLX
2038,DLY
2039,DM
2040,DMAC
2041,DMB
2042,DMF
2043,DMLP
2044,DMO
2045,DMRC
2046,DMS
2047,DMTK
2048,DMYI
2049,DMYQ
2050,DNB
2051,DNLI
2052,DNMR
2053,DNN
2054,DNOW
2055,DNP
2056,DNZ
2057,DOC
2058,DOCN
2059,DOCU
2060,DOGZ
2061,DOMO
2062,DOOO
2063,DOOR
2064,DORM
2065,DOV
2066,DOW
2067,DOX
2068,DOYU
2069,DPG
2070,DPW
2071,DPZ
2072,DQ
2073,DRD
2074,DRE
2075,DRH
2076,DRH^A
2077,DRI
2078,DRIO
2079,DRNA
2080,DRQ
2081,DRRX
2082,DRTT
2083,DRUA
2084,DRVN
2085,DS
2086,DSAC
2087,DSACW
2088,DSE
2089,DSEY
2090,DSGN
2091,DSGX
2092,DSKE
2093,DSKEW
2094,DSL
2095,DSM
2096,DSP
2097,DSPG
2098,DSS
2099,DSSI
2100,DSU
2101,DSWL
2102,DSX
2103,DSX^B
2104,DS^B
2105,DS^C
2106,DS^D
2107,DT
2108,DTB
2109,DTE
2110,DTEA
2111,DTF
2112,DTIL
2113,DTJ
2114,DTLA^
2115,DTOC
2116,DTOCU
2117,DTOCW
2118,DTP
2119,DTSS
2120,DTST
2121,DTSTW
2122,DTW
2123,DTY
2124,DUK
2125,DUKB
2126,DUKH
2127,DUK^A
2128,DUNE
2129,DUNEU
2130,DUNEW
2131,DUO
2132,DUOT
2133,DV
2134,DVA
2135,DVAX
2136,DVD
2137,DVN
2138,DWIN
2139,DWSN
2140,DX
2141,DXC
2142,DXCM
2143,DXF
2144,DXPE
2145,DXR
2146,DXYN
2147,DX^C
2148,DY
2149,DYAI
2150,DYFN
2151,DYN
2152,DYNS
2153,DYNT
2154,DZSI
2155,E
2156,EA
2157,EAC
2158,EACPU
2159,EACPW
2160,EAD
2161,EAF
2162,EAI
2163,EAR
2164,EARN
2165,EARS
2166,EAST
2167,EAT
2168,EB
2169,EBAC
2170,EBACU
2171,EBACW
2172,EBAY
2173,EBC
2174,EBET
2175,EBF
2176,EBIX
2177,EBMT
2178,EBON
2179,EBR
2180,EBS
2181,EBSB
2182,EBTC
2183,EC
2184,ECC       
2185,ECCB
2186,ECCW
2187,ECCX
2188,ECCY
2189,ECF
2190,ECF^A
2191,ECHO
2192,ECL
2193,ECOL
2194,ECOLW
2195,ECOM      
2196,ECOR
2197,ECPG
2198,ED
2199,EDAP
2200,EDD
2201,EDF
2202,EDI
2203,EDIT
2204,EDN
2205,EDR
2206,EDRY
2207,EDSA
2208,EDTK
2209,EDTX
2210,EDTXU
2211,EDTXW
2212,EDU
2213,EDUC
2214,EEA
2215,EEFT
2216,EEIQ
2217,EEX
2218,EFC
2219,EFC^A
2220,EFF
2221,EFL
2222,EFOI
2223,EFR
2224,EFSC
2225,EFT
2226,EFX
2227,EGAN
2228,EGBN
2229,EGF
2230,EGHT
2231,EGLE
2232,EGLX
2233,EGO
2234,EGP
2235,EGRX
2236,EGY
2237,EH
2238,EHC
2239,EHI
2240,EHT
2241,EHTH
2242,EIC
2243,EIG
2244,EIGR
2245,EIM
2246,EIX
2247,EJFA
2248,EJFAU
2249,EJFAW
2250,EJH
2251,EKSO
2252,EL
2253,ELA
2254,ELAN
2255,ELAT
2256,ELC
2257,ELDN
2258,ELF
2259,ELLO
2260,ELMD
2261,ELOX
2262,ELP
2263,ELS
2264,ELSE
2265,ELTK
2266,ELV
2267,ELVT
2268,ELY
2269,ELYS
2270,EM
2271,EMAN
2272,EMCF
2273,EMD
2274,EME
2275,EMF
2276,EMKR
2277,EML
2278,EMN
2279,EMO
2280,EMP
2281,EMPW
2282,EMR
2283,EMX
2284,ENB
2285,ENBA
2286,ENBL
2287,ENDP
2288,ENFA
2289,ENFAU
2290,ENFAW
2291,ENG
2292,ENIA
2293,ENIC
2294,ENJ
2295,ENLC
2296,ENLV
2297,ENNV
2298,ENNVU
2299,ENNVW
2300,ENO
2301,ENOB
2302,ENPC
2303,ENPH
2304,ENR
2305,ENR^A
2306,ENS
2307,ENSG
2308,ENSV
2309,ENTA
2310,ENTG
2311,ENTX
2312,ENTXW
2313,ENV
2314,ENVA
2315,ENVB
2316,ENVI
2317,ENVIU
2318,ENVIW
2319,ENX
2320,ENZ
2321,EOD
2322,EOG
2323,EOI
2324,EOLS
2325,EOS
2326,EOSE
2327,EOSEW
2328,EOT
2329,EPAC
2330,EPAM
2331,EPAY
2332,EPC
2333,EPD
2334,EPHY
2335,EPHYU
2336,EPHYW
2337,EPIX
2338,EPM
2339,EPR
2340,EPRT
2341,EPR^C
2342,EPR^E
2343,EPR^G
2344,EPSN
2345,EPWR
2346,EPZM
2347,EP^C
2348,EQ
2349,EQBK
2350,EQC
2351,EQC^D
2352,EQD
2353,EQH
2354,EQHA
2355,EQH^A
2356,EQH^C
2357,EQIX
2358,EQNR
2359,EQOS
2360,EQR
2361,EQS
2362,EQT
2363,EQX
2364,ERC
2365,ERES
2366,ERESU
2367,ERESW
2368,ERF
2369,ERH
2370,ERIC
2371,ERIE
2372,ERII
2373,ERJ
2374,ERYP
2375,ES
2376,ESBK
2377,ESCA
2378,ESE
2379,ESEA
2380,ESGC
2381,ESGR
2382,ESGRO
2383,ESGRP
2384,ESI
2385,ESLT
2386,ESM
2387,ESNT
2388,ESP
2389,ESPR
2390,ESQ
2391,ESRT
2392,ESS
2393,ESSA
2394,ESSC
2395,ESSCR
2396,ESSCW
2397,ESTA
2398,ESTC
2399,ESTE
2400,ESXB
2401,ET
2402,ETAC
2403,ETACU
2404,ETACW
2405,ETB
2406,ETG
2407,ETH
2408,ETH-USD
2409,ETI^
2410,ETJ
2411,ETN
2412,ETNB
2413,ETO
2414,ETON
2415,ETR
2416,ETRN
2417,ETSY
2418,ETTX
2419,ETV
2420,ETW
2421,ETWO
2422,ETX       
2423,ETY
2424,ET^C
2425,ET^D
2426,ET^E
2427,EUCR
2428,EUCRU
2429,EUCRW
2430,EURN
2431,EUSG
2432,EUSGU
2433,EUSGW
2434,EVA
2435,EVAX
2436,EVBG
2437,EVBN
2438,EVC
2439,EVER
2440,EVF
2441,EVFM
2442,EVG
2443,EVGN
2444,EVH
2445,EVI
2446,EVK
2447,EVLO
2448,EVM
2449,EVN
2450,EVOJ
2451,EVOJU
2452,EVOK
2453,EVOL
2454,EVOP
2455,EVR
2456,EVRG
2457,EVRI
2458,EVT
2459,EVTC
2460,EVV
2461,EVY
2462,EW
2463,EWBC
2464,EWTX
2465,EXAS
2466,EXC
2467,EXD
2468,EXEL
2469,EXFO
2470,EXG
2471,EXK
2472,EXLS
2473,EXN
2474,EXP
2475,EXPD
2476,EXPE
2477,EXPI
2478,EXPO
2479,EXPR
2480,EXR
2481,EXTN
2482,EXTR
2483,EYE
2484,EYEG
2485,EYEN
2486,EYES
2487,EYESW
2488,EYPT
2489,EZGO
2490,EZPW
2491,F
2492,FACA
2493,FACT
2494,FAF
2495,FAII
2496,FAM
2497,FAMI
2498,FANG
2499,FANH
2500,FARM
2501,FARO
2502,FAST
2503,FAT
2504,FATBP
2505,FATBW
2506,FATE
2507,FAX
2508,FB
2509,FBC
2510,FBHS
2511,FBIO
2512,FBIOP
2513,FBIZ
2514,FBK
2515,FBMS
2516,FBNC
2517,FBP
2518,FBRX
2519,FC
2520,FCAC
2521,FCACU
2522,FCACW
2523,FCAP
2524,FCAX
2525,FCBC
2526,FCBP
2527,FCCO
2528,FCCY
2529,FCEL
2530,FCF
2531,FCFS
2532,FCN
2533,FCNCA
2534,FCNCP
2535,FCO
2536,FCPT
2537,FCRD
2538,FCRW
2539,FCRX
2540,FCRZ
2541,FCT
2542,FCX
2543,FDBC
2544,FDEU
2545,FDMT
2546,FDP
2547,FDS
2548,FDUS
2549,FDUSG
2550,FDUSZ
2551,FDX
2552,FE
2553,FEDU
2554,FEI       
2555,FEIM
2556,FELE
2557,FEN
2558,FENC
2559,FENG
2560,FEO
2561,FERG
2562,FET
2563,FEYE
2564,FF
2565,FFA
2566,FFBC
2567,FFBW
2568,FFC
2569,FFHL
2570,FFIC
2571,FFIN
2572,FFIV
2573,FFNW
2574,FFWM
2575,FGB
2576,FGBI
2577,FGBIP
2578,FGEN
2579,FGF
2580,FGFPP
2581,FGNA
2582,FHB
2583,FHI
2584,FHN
2585,FHN^A
2586,FHN^B
2587,FHN^C
2588,FHN^D
2589,FHN^E
2590,FHN^F
2591,FHS
2592,FHTX
2593,FI
2594,FIBK
2595,FICO
2596,FIF
2597,FIGS
2598,FIII
2599,FIIIU
2600,FIIIW
2601,FINM
2602,FINMU
2603,FINMW
2604,FINS
2605,FINV
2606,FIS
2607,FISI
2608,FISV
2609,FITB
2610,FITBI
2611,FITBO
2612,FITBP
2613,FIV
2614,FIVE
2615,FIVN
2616,FIX
2617,FIXX
2618,FIZZ
2619,FKWL
2620,FL
2621,FLAC
2622,FLACU
2623,FLACW
2624,FLC
2625,FLDM
2626,FLEX
2627,FLGC
2628,FLGT
2629,FLIC
2630,FLL
2631,FLME
2632,FLMN
2633,FLMNW
2634,FLNG
2635,FLNT
2636,FLO
2637,FLOW
2638,FLR
2639,FLS
2640,FLT
2641,FLUX
2642,FLWS
2643,FLXN
2644,FLXS
2645,FLY
2646,FLYW
2647,FMAC
2648,FMAO
2649,FMBH
2650,FMBI
2651,FMBIO
2652,FMBIP
2653,FMC
2654,FMIVU
2655,FMIVW
2656,FMN
2657,FMNB
2658,FMO
2659,FMS
2660,FMTX
2661,FMX
2662,FMY
2663,FN
2664,FNB
2665,FNB^E
2666,FNCB
2667,FNCH
2668,FND
2669,FNF
2670,FNHC
2671,FNKO
2672,FNLC
2673,FNV
2674,FNWB
2675,FOA
2676,FOCS
2677,FOE
2678,FOF
2679,FOLD
2680,FONR
2681,FOR
2682,FORA
2683,FORD
2684,FORE
2685,FOREU
2686,FOREW
2687,FORM
2688,FORR
2689,FORTY
2690,FOSL
2691,FOUR
2692,FOX
2693,FOXA
2694,FOXF
2695,FOXW
2696,FOXWU
2697,FOXWW
2698,FPAC
2699,FPAY
2700,FPF
2701,FPH
2702,FPI
2703,FPI^B
2704,FPL
2705,FR
2706,FRA
2707,FRAF
2708,FRBA
2709,FRBK
2710,FRC
2711,FRC^H
2712,FRC^I
2713,FRC^J
2714,FRC^K
2715,FRC^L
2716,FRD
2717,FREE
2718,FREEW
2719,FREQ
2720,FRG
2721,FRGAP
2722,FRGI
2723,FRHC
2724,FRLN
2725,FRME
2726,FRO
2727,FROG
2728,FRON
2729,FRONU
2730,FRONW
2731,FRPH
2732,FRPT
2733,FRSG
2734,FRSGU
2735,FRSGW
2736,FRST
2737,FRSX
2738,FRT
2739,FRTA
2740,FRT^C
2741,FRW
2742,FRWAU
2743,FRWAW
2744,FRX
2745,FRXB
2746,FSBC
2747,FSBW
2748,FSD
2749,FSEA
2750,FSFG
2751,FSI
2752,FSII
2753,FSK
2754,FSKR
2755,FSLF
2756,FSLR
2757,FSLY
2758,FSM
2759,FSNB
2760,FSP
2761,FSR
2762,FSRV
2763,FSRVU
2764,FSRVW
2765,FSRX
2766,FSRXU
2767,FSRXW
2768,FSS
2769,FSSI
2770,FSSIU
2771,FSSIW
2772,FST
2773,FSTR
2774,FSTX
2775,FSV
2776,FT
2777,FTAA
2778,FTAAU
2779,FTAAW
2780,FTAI
2781,FTAI^A
2782,FTAI^B
2783,FTAI^C
2784,FTCH
2785,FTCI
2786,FTCV
2787,FTCVU
2788,FTCVW
2789,FTDR
2790,FTEK
2791,FTEV
2792,FTF
2793,FTFT
2794,FTHM
2795,FTHY
2796,FTI
2797,FTIV
2798,FTIVU
2799,FTIVW
2800,FTK
2801,FTNT
2802,FTOC
2803,FTOCU
2804,FTOCW
2805,FTPA
2806,FTPAU
2807,FTPAW
2808,FTS
2809,FTSI
2810,FTV
2811,FTV^A
2812,FUBO
2813,FUL
2814,FULC
2815,FULT
2816,FULTP
2817,FUN
2818,FUNC
2819,FUND
2820,FURY
2821,FUSB
2822,FUSE
2823,FUSN
2824,FUTU
2825,FUV
2826,FVAM
2827,FVCB
2828,FVE
2829,FVIV
2830,FVRR
2831,FVT
2832,FWAA
2833,FWAC
2834,FWONA
2835,FWONK
2836,FWP
2837,FWRD
2838,FXNC
2839,FYBR
2840,FZT
2841,F^B
2842,F^C
2843,G
2844,GAB
2845,GABC
2846,GAB^G
2847,GAB^H
2848,GAB^J
2849,GAB^K
2850,GAIA
2851,GAIN
2852,GAINL
2853,GAINN
2854,GALT
2855,GAM
2856,GAMC
2857,GAMCU
2858,GAM^B
2859,GAN
2860,GANX
2861,GAPA
2862,GASS
2863,GATO
2864,GATX
2865,GAU
2866,GB
2867,GBAB
2868,GBCI
2869,GBDC
2870,GBIO
2871,GBL
2872,GBLI
2873,GBLIL
2874,GBNH
2875,GBNY
2876,GBOX
2877,GBR
2878,GBRG
2879,GBRGR
2880,GBRGU
2881,GBRGW
2882,GBS
2883,GBT
2884,GBX
2885,GCAC
2886,GCACU
2887,GCACW
2888,GCBC
2889,GCI
2890,GCMG
2891,GCMGW
2892,GCO
2893,GCP
2894,GCV
2895,GD
2896,GDDY
2897,GDEN
2898,GDL
2899,GDO
2900,GDOT
2901,GDP
2902,GDRX
2903,GDS
2904,GDV
2905,GDV^G
2906,GDV^H
2907,GDYN
2908,GDYNW
2909,GE
2910,GECC
2911,GECCL
2912,GECCM
2913,GECCN
2914,GEF
2915,GEG
2916,GEL
2917,GENC
2918,GENE
2919,GENI
2920,GEO
2921,GEOS
2922,GER
2923,GERN
2924,GES
2925,GEVO
2926,GF
2927,GFED
2928,GFF
2929,GFI
2930,GFL
2931,GFLU
2932,GFNCP
2933,GFNSZ
2934,GFS
2935,GFX
2936,GGAL
2937,GGB
2938,GGG
2939,GGM
2940,GGMC
2941,GGMCU
2942,GGMCW
2943,GGN
2944,GGN^B
2945,GGO
2946,GGO^A
2947,GGPI
2948,GGPIU
2949,GGPIW
2950,GGT
2951,GGT^E
2952,GGT^G
2953,GGZ
2954,GGZ^A
2955,GH
2956,GHAC
2957,GHACU
2958,GHC
2959,GHG
2960,GHL
2961,GHLD
2962,GHM
2963,GHSI
2964,GHVI
2965,GHVIU
2966,GHVIW
2967,GHY
2968,GIB
2969,GIFI
2970,GIG
2971,GIGGU
2972,GIGGW
2973,GIGM
2974,GIII
2975,GIIX
2976,GIIXU
2977,GIIXW
2978,GIL
2979,GILD
2980,GILT
2981,GIM
2982,GIS
2983,GIWWU
2984,GIX
2985,GJH
2986,GJO
2987,GJP
2988,GJS
2989,GJT
2990,GKOS
2991,GL
2992,GLAD
2993,GLAQ
2994,GLAQU
2995,GLAQW
2996,GLBE
2997,GLBL
2998,GLBLU
2999,GLBLW
3000,GLBS
3001,GLBZ
3002,GLDD
3003,GLDG
3004,GLEO
3005,GLG
3006,GLHA
3007,GLHAU
3008,GLHAW
3009,GLMD
3010,GLNG
3011,GLO
3012,GLOB
3013,GLOG
3014,GLOG^A
3015,GLOP
3016,GLOP^A
3017,GLOP^B
3018,GLOP^C
3019,GLP
3020,GLPG
3021,GLPI
3022,GLP^A
3023,GLP^B
3024,GLQ
3025,GLRE
3026,GLSI
3027,GLSPT
3028,GLSPU
3029,GLSPW
3030,GLT
3031,GLTO
3032,GLU
3033,GLU^A
3034,GLU^B
3035,GLV
3036,GLW
3037,GLYC
3038,GL^C
3039,GM
3040,GMAB
3041,GMBL
3042,GMBLW
3043,GMBT
3044,GMBTU
3045,GMBTW
3046,GMDA
3047,GME
3048,GMED
3049,GMII
3050,GMIIU
3051,GMIIW
3052,GMRE
3053,GMRE^A
3054,GMS
3055,GMTA
3056,GMTX
3057,GNAC
3058,GNACU
3059,GNACW
3060,GNCA
3061,GNE
3062,GNE^A
3063,GNFT
3064,GNK
3065,GNL
3066,GNLN
3067,GNL^A
3068,GNL^B
3069,GNOG
3070,GNPK
3071,GNPX
3072,GNRC
3073,GNRS
3074,GNRSW
3075,GNSS
3076,GNT
3077,GNTX
3078,GNTY
3079,GNT^A
3080,GNUS
3081,GNW
3082,GO
3083,GOAC
3084,GOCO
3085,GOED
3086,GOEV
3087,GOEVW
3088,GOF
3089,GOGL
3090,GOGO
3091,GOL
3092,GOLD
3093,GOLF
3094,GOOD
3095,GOODM
3096,GOODN
3097,GOOG
3098,GOOGL
3099,GOOS
3100,GORO
3101,GOSS
3102,GOTU
3103,GOVX
3104,GOVXW
3105,GP
3106,GPAC
3107,GPACU
3108,GPACW
3109,GPC
3110,GPI
3111,GPJA
3112,GPK
3113,GPL
3114,GPM
3115,GPMT
3116,GPN
3117,GPOR
3118,GPP
3119,GPRE
3120,GPRK
3121,GPRO
3122,GPS
3123,GPX
3124,GRA
3125,GRAY
3126,GRBK
3127,GRC
3128,GRCL
3129,GRCY
3130,GRCYU
3131,GRCYW
3132,GRF
3133,GRFS
3134,GRIL
3135,GRIN
3136,GRMN
3137,GRNQ
3138,GRNV
3139,GRNVR
3140,GRNVU
3141,GRNVW
3142,GROW
3143,GROY
3144,GRPN
3145,GRSV
3146,GRSVU
3147,GRSVW
3148,GRTS
3149,GRTX
3150,GRUB
3151,GRVY
3152,GRWG
3153,GRX
3154,GS
3155,GSAH
3156,GSAQ
3157,GSAQU
3158,GSAQW
3159,GSAT
3160,GSBC
3161,GSBD
3162,GSEV
3163,GSEVU
3164,GSEVW
3165,GSHD
3166,GSIT
3167,GSK
3168,GSKY
3169,GSL
3170,GSLD
3171,GSL^B
3172,GSM
3173,GSMG
3174,GSMGW
3175,GSQD
3176,GSS
3177,GSV
3178,GS^A
3179,GS^C
3180,GS^D
3181,GS^J
3182,GS^K
3183,GT
3184,GTBP
3185,GTE
3186,GTEC
3187,GTES
3188,GTH
3189,GTHX
3190,GTIM
3191,GTLS
3192,GTN
3193,GTPA
3194,GTPAU
3195,GTPAW
3196,GTPB
3197,GTPBU
3198,GTPBW
3199,GTS
3200,GTT
3201,GTX
3202,GTY
3203,GTYH
3204,GURE
3205,GUT
3206,GUT^A
3207,GUT^C
3208,GVA
3209,GVP
3210,GWAC
3211,GWACW
3212,GWB
3213,GWGH
3214,GWRE
3215,GWRS
3216,GWW
3217,GXGX
3218,GXGXW
3219,GXII
3220,GXIIU
3221,GXIIW
3222,GYRO
3223,H
3224,HA
3225,HAAC
3226,HAACU
3227,HAACW
3228,HAE
3229,HAFC
3230,HAIN
3231,HAL
3232,HALL
3233,HALO
3234,HAPP
3235,HARP
3236,HAS
3237,HASI
3238,HAYN
3239,HAYW
3240,HBAN
3241,HBANN
3242,HBANO
3243,HBANP
3244,HBB
3245,HBCP
3246,HBI
3247,HBIO
3248,HBM
3249,HBMD
3250,HBNC
3251,HBP
3252,HBT
3253,HCA
3254,HCAP
3255,HCAPZ
3256,HCAQ
3257,HCAR
3258,HCARU
3259,HCARW
3260,HCAT
3261,HCC
3262,HCCC
3263,HCCCU
3264,HCCCW
3265,HCCI
3266,HCDI
3267,HCHC
3268,HCI
3269,HCIC
3270,HCICU
3271,HCICW
3272,HCII
3273,HCIIU
3274,HCIIW
3275,HCKT
3276,HCM
3277,HCSG
3278,HCXY
3279,HCXZ
3280,HD
3281,HDB
3282,HDSN
3283,HE
3284,HEAR
3285,HEC
3286,HECCU
3287,HECCW
3288,HEES
3289,HEI
3290,HEI/A
3291,HELE
3292,HEP
3293,HEPA
3294,HEQ
3295,HERA
3296,HERAU
3297,HERAW
3298,HES
3299,HESM
3300,HEXO
3301,HFBL
3302,HFC
3303,HFFG
3304,HFRO
3305,HFRO^A
3306,HFWA
3307,HGBL
3308,HGEN
3309,HGH
3310,HGLB
3311,HGSH
3312,HGV
3313,HHC
3314,HHLA
3315,HHR
3316,HI
3317,HIBB
3318,HIE
3319,HIFS
3320,HIG
3321,HIGA
3322,HIG^G
3323,HIHO
3324,HII
3325,HIII
3326,HIIIU
3327,HIIIW
3328,HIL
3329,HIMS
3330,HIMX
3331,HIO
3332,HIW
3333,HIX
3334,HJLI
3335,HJLIW
3336,HKIB
3337,HL
3338,HLAH
3339,HLAHU
3340,HLF
3341,HLG
3342,HLI
3343,HLIO
3344,HLIT
3345,HLM^
3346,HLNE
3347,HLT
3348,HLX
3349,HLXA
3350,HL^B
3351,HMC
3352,HMCO
3353,HMCOU
3354,HMCOW
3355,HMG
3356,HMHC
3357,HMLP
3358,HMLP^A
3359,HMN
3360,HMNF
3361,HMPT
3362,HMST
3363,HMTV
3364,HMY
3365,HNGR
3366,HNI
3367,HNNA
3368,HNP
3369,HNRG
3370,HNST
3371,HNW
3372,HOFT
3373,HOFV
3374,HOFVW
3375,HOG
3376,HOL
3377,HOLI
3378,HOLUU
3379,HOLUW
3380,HOLX
3381,HOMB
3382,HOME
3383,HON
3384,HONE
3385,HOOK
3386,HOPE
3387,HOTH
3388,HOV
3389,HOVNP
3390,HOWL
3391,HP
3392,HPE
3393,HPF
3394,HPI
3395,HPK
3396,HPKEW
3397,HPP
3398,HPQ
3399,HPS
3400,HPX
3401,HQH
3402,HQI
3403,HQL
3404,HQY
3405,HR
3406,HRB
3407,HRC
3408,HRI
3409,HRL
3410,HRMY
3411,HROW
3412,HROWL
3413,HRTG
3414,HRTX
3415,HRZN
3416,HSAQ
3417,HSBC
3418,HSC
3419,HSDT
3420,HSIC
3421,HSII
3422,HSKA
3423,HSON
3424,HST
3425,HSTM
3426,HSTO
3427,HSY
3428,HT
3429,HTA
3430,HTBI
3431,HTBK
3432,HTBX
3433,HTD
3434,HTFB
3435,HTGC
3436,HTGM
3437,HTH
3438,HTHT
3439,HTIA
3440,HTLD
3441,HTLF
3442,HTLFP
3443,HTOO
3444,HTOOW
3445,HTPA
3446,HTY
3447,HT^C
3448,HT^D
3449,HT^E
3450,HUBB
3451,HUBG
3452,HUBS
3453,HUDI
3454,HUGE
3455,HUGS
3456,HUIZ
3457,HUM
3458,HUN
3459,HURC
3460,HURN
3461,HUSA
3462,HUSN
3463,HUYA
3464,HVBC
3465,HVT
3466,HVT/A
3467,HWBK
3468,HWC
3469,HWCC
3470,HWCPL
3471,HWCPZ
3472,HWKN
3473,HWM
3474,HWM^
3475,HX
3476,HXL
3477,HY
3478,HYAC
3479,HYACU
3480,HYACW
3481,HYB
3482,HYFM
3483,HYI
3484,HYLN
3485,HYMC
3486,HYMCW
3487,HYMCZ
3488,HYRE
3489,HYT
3490,HYW
3491,HZAC
3492,HZN
3493,HZNP
3494,HZO
3495,HZON
3496,IAA
3497,IAC
3498,IACA
3499,IACB
3500,IACC
3501,IAE
3502,IAF
3503,IAG
3504,IART
3505,IBA
3506,IBCP
3507,IBER
3508,IBEX
3509,IBIO
3510,IBKR
3511,IBM
3512,IBN
3513,IBOC
3514,IBP
3515,IBRX
3516,IBTX
3517,ICAD
3518,ICBK
3519,ICCC
3520,ICCH
3521,ICD
3522,ICE
3523,ICFI
3524,ICHR
3525,ICL
3526,ICLK
3527,ICLR
3528,ICMB
3529,ICON
3530,ICPT
3531,ICUI
3532,ID
3533,IDA
3534,IDBA
3535,IDCC
3536,IDE
3537,IDEX
3538,IDN
3539,IDRA
3540,IDT
3541,IDXX
3542,IDYA
3543,IEA
3544,IEAWW
3545,IEC
3546,IEP
3547,IESC
3548,IEX
3549,IFBD
3550,IFF
3551,IFFT
3552,IFMK
3553,IFN
3554,IFRX
3555,IFS
3556,IGA
3557,IGAC
3558,IGACU
3559,IGACW
3560,IGC
3561,IGD
3562,IGI
3563,IGIC
3564,IGICW
3565,IGMS
3566,IGNY
3567,IGNYU
3568,IGNYW
3569,IGR
3570,IGT
3571,IH
3572,IHC
3573,IHD
3574,IHG
3575,IHIT
3576,IHRT
3577,IHT
3578,IHTA
3579,IIAC
3580,IIF
3581,III
3582,IIII
3583,IIIIU
3584,IIIIW
3585,IIIN
3586,IIIV
3587,IIM
3588,IIN
3589,IIPR
3590,IIPR^A
3591,IIVI
3592,IIVIP
3593,IKNA
3594,IKNX
3595,IKT
3596,ILMN
3597,ILPT
3598,IMAB
3599,IMAC
3600,IMACW
3601,IMAX
3602,IMBI
3603,IMCC
3604,IMCR
3605,IMGN
3606,IMH
3607,IMKTA
3608,IMMP
3609,IMMR
3610,IMNM
3611,IMO
3612,IMOS
3613,IMPL
3614,IMPX
3615,IMRA
3616,IMRN
3617,IMRNW
3618,IMTE
3619,IMTX
3620,IMTXW
3621,IMUX
3622,IMV
3623,IMVT
3624,IMXI
3625,INBK
3626,INBKL
3627,INBKZ
3628,INBX
3629,INCY
3630,INDB
3631,INDO
3632,INDT
3633,INFI
3634,INFN
3635,INFO
3636,INFU
3637,INFY
3638,ING
3639,INGN
3640,INGR
3641,INKA
3642,INKAU
3643,INKAW
3644,INM
3645,INMB
3646,INMD
3647,INN
3648,INNV
3649,INN^D
3650,INN^E
3651,INO
3652,INOD
3653,INOV
3654,INPX
3655,INS
3656,INSE
3657,INSG
3658,INSI
3659,INSM
3660,INSP
3661,INSW
3662,INSW^A
3663,INT
3664,INTC
3665,INTG
3666,INTT
3667,INTU
3668,INTZ
3669,INUV
3670,INVA
3671,INVE
3672,INVH
3673,INVO
3674,INVZ
3675,INVZW
3676,INZY
3677,IO
3678,IONS
3679,IOR
3680,IOSP
3681,IOVA
3682,IP
3683,IPA
3684,IPAR
3685,IPDN
3686,IPG
3687,IPGP
3688,IPHA
3689,IPI
3690,IPLDP
3691,IPOD
3692,IPOE
3693,IPOF
3694,IPVA
3695,IPVF
3696,IPVI
3697,IPVIU
3698,IPVIW
3699,IPW
3700,IPWR
3701,IQ
3702,IQI
3703,IQV
3704,IR
3705,IRBT
3706,IRCP
3707,IRDM
3708,IRIX
3709,IRL
3710,IRM
3711,IRMD
3712,IROQ
3713,IRR
3714,IRS
3715,IRT
3716,IRTC
3717,IRWD
3718,ISBC
3719,ISD
3720,ISDR
3721,ISEE
3722,ISIG
3723,ISLE
3724,ISLEW
3725,ISNS
3726,ISOS
3727,ISR
3728,ISRG
3729,ISSC
3730,ISTR
3731,ISUN
3732,IT
3733,ITAC
3734,ITACU
3735,ITACW
3736,ITCB
3737,ITCI
3738,ITGR
3739,ITHX
3740,ITHXU
3741,ITHXW
3742,ITI
3743,ITIC
3744,ITMR
3745,ITOS
3746,ITP
3747,ITQ
3748,ITQRU
3749,ITRG
3750,ITRI
3751,ITRM
3752,ITRN
3753,ITT
3754,ITUB
3755,ITW
3756,IVA
3757,IVAC
3758,IVAN
3759,IVC
3760,IVH
3761,IVR
3762,IVR^A
3763,IVR^B
3764,IVR^C
3765,IVZ
3766,IX
3767,IZEA
3768,J
3769,JACK
3770,JAGX
3771,JAKK
3772,JAMF
3773,JAN
3774,JAX
3775,JAZZ
3776,JBGS
3777,JBHT
3778,JBK
3779,JBL
3780,JBLU
3781,JBSS
3782,JBT
3783,JCE
3784,JCI
3785,JCIC
3786,JCICU
3787,JCICW
3788,JCO
3789,JCOM
3790,JCS
3791,JCTCF
3792,JD
3793,JDD
3794,JEF
3795,JELD
3796,JEMD
3797,JEQ
3798,JFIN
3799,JFR
3800,JFU
3801,JG
3802,JGH
3803,JHAA
3804,JHB
3805,JHG
3806,JHI
3807,JHS
3808,JHX
3809,JIH
3810,JILL
3811,JJSF
3812,JKHY
3813,JKS
3814,JLL
3815,JLS
3816,JMIA
3817,JMM
3818,JMP
3819,JMPNL
3820,JMPNZ
3821,JNCE
3822,JNJ
3823,JNPR
3824,JOAN
3825,JOB
3826,JOBS
3827,JOE
3828,JOF
3829,JOFF
3830,JOFFU
3831,JOFFW
3832,JOUT
3833,JP
3834,JPC
3835,JPI
3836,JPM
3837,JPM^C
3838,JPM^D
3839,JPM^G
3840,JPM^H
3841,JPM^J
3842,JPM^K
3843,JPM^L
3844,JPS
3845,JPT
3846,JQC
3847,JRI
3848,JRJC
3849,JRO
3850,JRS
3851,JRSH
3852,JRVR
3853,JSD
3854,JSM
3855,JT
3856,JTA
3857,JTD
3858,JUPW
3859,JUPWW
3860,JVA
3861,JW/A
3862,JW/B
3863,JWEL
3864,JWN
3865,JWS
3866,JWSM
3867,JYAC
3868,JYNT
3869,JZXN
3870,K
3871,KAHC
3872,KAI
3873,KAII
3874,KAIIU
3875,KAIIW
3876,KAIR
3877,KAIRU
3878,KAIRW
3879,KALA
3880,KALU
3881,KALV
3882,KAMN
3883,KAR
3884,KARO
3885,KB
3886,KBAL
3887,KBH
3888,KBNT
3889,KBNTW
3890,KBR
3891,KBSF
3892,KC
3893,KCAC
3894,KCAPL
3895,KDMN
3896,KDNY
3897,KDP
3898,KE
3899,KELYA
3900,KELYB
3901,KEN
3902,KEP
3903,KEQU
3904,KERN
3905,KERNW
3906,KEX
3907,KEY
3908,KEYS
3909,KEY^I
3910,KEY^J
3911,KEY^K
3912,KF
3913,KFFB
3914,KFRC
3915,KFS
3916,KFT
3917,KFY
3918,KGC
3919,KHC
3920,KIDS
3921,KIII
3922,KIIIU
3923,KIIIW
3924,KIM
3925,KIM^L
3926,KIM^M
3927,KIN
3928,KINS
3929,KINZ
3930,KINZU
3931,KINZW
3932,KIO
3933,KIQ
3934,KIRK
3935,KKR
3936,KKRS
3937,KKR^A
3938,KKR^B
3939,KKR^C
3940,KL
3941,KLAC
3942,KLAQ
3943,KLAQU
3944,KLAQW
3945,KLDO
3946,KLIC
3947,KLR
3948,KLXE
3949,KMB
3950,KMDA
3951,KMF
3952,KMI
3953,KMPH
3954,KMPR
3955,KMT
3956,KMX
3957,KN
3958,KNBE
3959,KNDI
3960,KNL
3961,KNOP
3962,KNSA
3963,KNSL
3964,KNTE
3965,KNX
3966,KO
3967,KOD
3968,KODK
3969,KOF
3970,KOP
3971,KOPN
3972,KOR
3973,KOS
3974,KOSS
3975,KPTI
3976,KR
3977,KRA
3978,KRBP
3979,KRC
3980,KREF
3981,KREF^A
3982,KRG
3983,KRKR
3984,KRMD
3985,KRNL
3986,KRNLU
3987,KRNLW
3988,KRNT
3989,KRNY
3990,KRO
3991,KRON
3992,KROS
3993,KRP
3994,KRT
3995,KRTX
3996,KRUS
3997,KRYS
3998,KSI
3999,KSICU
4000,KSICW
4001,KSM
4002,KSMT
4003,KSMTU
4004,KSMTW
4005,KSPN
4006,KSS
4007,KSU
4008,KSU^
4009,KT
4010,KTB
4011,KTCC
4012,KTF
4013,KTH
4014,KTN
4015,KTOS
4016,KTRA
4017,KUKE
4018,KURA
4019,KURI
4020,KURIU
4021,KURIW
4022,KVHI
4023,KVSA
4024,KVSB
4025,KVSC
4026,KW
4027,KWAC
4028,KWR
4029,KXIN
4030,KYMR
4031,KYN
4032,KZIA
4033,KZR
4034,L
4035,LABP
4036,LAC
4037,LACQ
4038,LACQW
4039,LAD
4040,LADR
4041,LAIX
4042,LAKE
4043,LAMR
4044,LANC
4045,LAND
4046,LANDM
4047,LANDO
4048,LARK
4049,LASR
4050,LATN
4051,LATNW
4052,LAUR
4053,LAWS
4054,LAZ
4055,LAZR
4056,LAZY
4057,LB
4058,LBAI
4059,LBC
4060,LBPH
4061,LBPS
4062,LBPSW
4063,LBRDA
4064,LBRDK
4065,LBRDP
4066,LBRT
4067,LBTYA
4068,LBTYB
4069,LBTYK
4070,LC
4071,LCA
4072,LCAA
4073,LCAAU
4074,LCAAW
4075,LCAHU
4076,LCAHW
4077,LCAP
4078,LCAPU
4079,LCAPW
4080,LCI
4081,LCID
4082,LCII
4083,LCNB
4084,LCTX
4085,LCUT
4086,LCY
4087,LCYAU
4088,LCYAW
4089,LDHA
4090,LDHAU
4091,LDI
4092,LDL
4093,LDOS
4094,LDP
4095,LE
4096,LEA
4097,LEAF
4098,LEAP
4099,LECO
4100,LEDS
4101,LEE
4102,LEG
4103,LEGA
4104,LEGAU
4105,LEGAW
4106,LEGH
4107,LEGN
4108,LEGO
4109,LEGOU
4110,LEGOW
4111,LEJU
4112,LEN
4113,LEO
4114,LESL
4115,LEU
4116,LEV
4117,LEVI
4118,LEVL
4119,LEVLP
4120,LEXX
4121,LEXXW
4122,LFC
4123,LFMD
4124,LFT
4125,LFTR
4126,LFTRU
4127,LFTRW
4128,LFT^A
4129,LFUS
4130,LFVN
4131,LGAC
4132,LGACU
4133,LGACW
4134,LGHL
4135,LGHLW
4136,LGI
4137,LGIH
4138,LGL
4139,LGND
4140,LGO
4141,LGV
4142,LGVN
4143,LH
4144,LHAA
4145,LHC
4146,LHCG
4147,LHDX
4148,LHX
4149,LI
4150,LIFE
4151,LII
4152,LIII
4153,LILA
4154,LILAK
4155,LIN
4156,LINC
4157,LIND
4158,LINK
4159,LINX
4160,LIQT
4161,LITB
4162,LITE
4163,LIVE
4164,LIVK
4165,LIVKU
4166,LIVKW
4167,LIVN
4168,LIVX
4169,LIXT
4170,LIXTW
4171,LIZI
4172,LJAQ
4173,LJAQU
4174,LJAQW
4175,LJPC
4176,LKCO
4177,LKFN
4178,LKQ
4179,LL
4180,LLNW
4181,LLY
4182,LMACA
4183,LMACU
4184,LMACW
4185,LMAO
4186,LMAOU
4187,LMAOW
4188,LMAT
4189,LMB
4190,LMFA
4191,LMND
4192,LMNL
4193,LMNR
4194,LMNX
4195,LMPX
4196,LMRK
4197,LMRKN
4198,LMRKO
4199,LMRKP
4200,LMST
4201,LMT
4202,LNC
4203,LND
4204,LNDC
4205,LNFA
4206,LNG
4207,LNN
4208,LNSR
4209,LNT
4210,LNTH
4211,LOAN
4212,LOB
4213,LOCO
4214,LODE
4215,LOGC
4216,LOGI
4217,LOKB
4218,LOKM
4219,LOMA
4220,LOOP
4221,LOPE
4222,LORL
4223,LOTZ
4224,LOTZW
4225,LOV
4226,LOVE
4227,LOW
4228,LPCN
4229,LPG
4230,LPI
4231,LPL
4232,LPLA
4233,LPRO
4234,LPSN
4235,LPTH
4236,LPTX
4237,LPX
4238,LQDA
4239,LQDT
4240,LRCX
4241,LRMR
4242,LRN
4243,LSAQ
4244,LSBK
4245,LSCC
4246,LSEA
4247,LSEAW
4248,LSF
4249,LSI
4250,LSPD
4251,LSTR
4252,LSXMA
4253,LSXMB
4254,LSXMK
4255,LTBR
4256,LTC
4257,LTHM
4258,LTRN
4259,LTRPA
4260,LTRPB
4261,LTRX
4262,LU
4263,LUB
4264,LULU
4265,LUMN
4266,LUMO
4267,LUNA
4268,LUNG
4269,LUV
4270,LUXA
4271,LUXAU
4272,LUXAW
4273,LVRA
4274,LVRAU
4275,LVRAW
4276,LVS
4277,LVTX
4278,LW
4279,LWAC
4280,LWACU
4281,LWACW
4282,LWAY
4283,LX
4284,LXEH
4285,LXFR
4286,LXP
4287,LXP^C
4288,LXRX
4289,LXU
4290,LYB
4291,LYFT
4292,LYG
4293,LYL
4294,LYRA
4295,LYTS
4296,LYV
4297,LZB
4298,M
4299,MA
4300,MAA
4301,MAAC
4302,MAACU
4303,MAACW
4304,MAA^I
4305,MAC
4306,MACA
4307,MACAU
4308,MACAW
4309,MACC
4310,MACK
4311,MACQ
4312,MACQU
4313,MACU
4314,MACUU
4315,MACUW
4316,MAG
4317,MAGS
4318,MAIN
4319,MAN
4320,MANH
4321,MANT
4322,MANU
4323,MAQCU
4324,MAR
4325,MARA
4326,MARK
4327,MARPS
4328,MAS
4329,MASI
4330,MASS
4331,MAT
4332,MATW
4333,MATX
4334,MAV
4335,MAX
4336,MAXN
4337,MAXR
4338,MAYS
4339,MBAC
4340,MBCN
4341,MBI
4342,MBII
4343,MBIN
4344,MBINN
4345,MBINO
4346,MBINP
4347,MBIO
4348,MBNKP
4349,MBOT
4350,MBRX
4351,MBT
4352,MBTC
4353,MBTCR
4354,MBTCU
4355,MBUU
4356,MBWM
4357,MC
4358,MCA
4359,MCAD
4360,MCADR
4361,MCADU
4362,MCAEU
4363,MCB
4364,MCBC
4365,MCBS
4366,MCD
4367,MCF
4368,MCFE
4369,MCFT
4370,MCHP
4371,MCHX
4372,MCI
4373,MCK
4374,MCMJ
4375,MCMJW
4376,MCN
4377,MCO
4378,MCR
4379,MCRB
4380,MCRI
4381,MCS
4382,MCY
4383,MD
4384,MDB
4385,MDC
4386,MDCA
4387,MDGL
4388,MDGS
4389,MDGSW
4390,MDH
4391,MDIA
4392,MDJH
4393,MDLA
4394,MDLQ
4395,MDLX
4396,MDLY
4397,MDLZ
4398,MDNA
4399,MDP
4400,MDRR
4401,MDRRP
4402,MDRX
4403,MDT
4404,MDU
4405,MDVL
4406,MDWD
4407,MDWT
4408,MDXG
4409,MEC
4410,MED
4411,MEDP
4412,MEDS
4413,MEG
4414,MEI
4415,MEIP
4416,MELI
4417,MEOH
4418,MERC
4419,MER^K
4420,MESA
4421,MESO
4422,MET
4423,META
4424,METC
4425,METX
4426,METXW
4427,MET^A
4428,MET^E
4429,MET^F
4430,MFA
4431,MFA^B
4432,MFA^C
4433,MFC
4434,MFD
4435,MFG
4436,MFGP
4437,MFH
4438,MFIN
4439,MFL
4440,MFM
4441,MFNC
4442,MFV
4443,MG
4444,MGA
4445,MGEE
4446,MGF
4447,MGI
4448,MGIC
4449,MGLN
4450,MGM
4451,MGNI
4452,MGNX
4453,MGP
4454,MGPI
4455,MGR
4456,MGRB
4457,MGRC
4458,MGTA
4459,MGTX
4460,MGU
4461,MGY
4462,MGYR
4463,MHD
4464,MHF
4465,MHH
4466,MHI
4467,MHK
4468,MHLA
4469,MHLD
4470,MHN
4471,MHNC
4472,MHO
4473,MH^A
4474,MH^C
4475,MH^D
4476,MIC
4477,MICT
4478,MIDD
4479,MIE
4480,MILE
4481,MILEW
4482,MIME
4483,MIN
4484,MIND
4485,MINDP
4486,MIRM
4487,MIST
4488,MIT
4489,MITC
4490,MITK
4491,MITO
4492,MITT
4493,MITT^A
4494,MITT^B
4495,MITT^C
4496,MIXT
4497,MIY
4498,MKC
4499,MKD
4500,MKGI
4501,MKL
4502,MKSI
4503,MKTX
4504,MKTY
4505,MLAB
4506,MLAC
4507,MLACU
4508,MLACW
4509,MLCO
4510,MLHR
4511,MLI
4512,MLM
4513,MLND
4514,MLP
4515,MLR
4516,MLSS
4517,MLVF
4518,MMAC
4519,MMC
4520,MMD
4521,MMI
4522,MMLP
4523,MMM
4524,MMP
4525,MMS
4526,MMSI
4527,MMT
4528,MMU
4529,MMX
4530,MMYT
4531,MN
4532,MNDO
4533,MNKD
4534,MNMD
4535,MNOV
4536,MNP
4537,MNPR
4538,MNR
4539,MNRL
4540,MNRO
4541,MNR^C
4542,MNSB
4543,MNSBP
4544,MNSO
4545,MNST
4546,MNTK
4547,MNTX
4548,MO
4549,MOD
4550,MODN
4551,MODV
4552,MOFG
4553,MOGO
4554,MOGU
4555,MOH
4556,MOHO
4557,MOMO
4558,MON
4559,MONCU
4560,MONCW
4561,MOR
4562,MORF
4563,MORN
4564,MOS
4565,MOSY
4566,MOTN
4567,MOTNU
4568,MOTNW
4569,MOTS
4570,MOTV
4571,MOV
4572,MOVE
4573,MOXC
4574,MP
4575,MPA
4576,MPAA
4577,MPACU
4578,MPB
4579,MPC
4580,MPLN
4581,MPLX
4582,MPV
4583,MPW
4584,MPWR
4585,MPX
4586,MQT
4587,MQY
4588,MRAC
4589,MRACU
4590,MRACW
4591,MRAM
4592,MRBK
4593,MRC
4594,MRCC
4595,MRCY
4596,MREO
4597,MRIN
4598,MRK
4599,MRKR
4600,MRLN
4601,MRM
4602,MRNA
4603,MRNS
4604,MRO
4605,MRSN
4606,MRTN
4607,MRTX
4608,MRUS
4609,MRVI
4610,MRVL
4611,MS
4612,MSA
4613,MSAC
4614,MSACW
4615,MSB
4616,MSBI
4617,MSC
4618,MSCI
4619,MSD
4620,MSDA
4621,MSDAU
4622,MSDAW
4623,MSEX
4624,MSFT
4625,MSGE
4626,MSGM
4627,MSGN
4628,MSGS
4629,MSI
4630,MSM
4631,MSN
4632,MSON
4633,MSP
4634,MSTR
4635,MSVB
4636,MS^A
4637,MS^E
4638,MS^F
4639,MS^I
4640,MS^K
4641,MS^L
4642,MT
4643,MTA
4644,MTAC
4645,MTACU
4646,MTACW
4647,MTB
4648,MTBC
4649,MTBCP
4650,MTC
4651,MTCH
4652,MTCN
4653,MTCR
4654,MTD
4655,MTDR
4656,MTEM
4657,MTEX
4658,MTG
4659,MTH
4660,MTL
4661,MTLS
4662,MTL^
4663,MTN
4664,MTNB
4665,MTOR
4666,MTP
4667,MTR
4668,MTRN
4669,MTRX
4670,MTSI
4671,MTSL
4672,MTW
4673,MTX
4674,MTZ
4675,MU
4676,MUA
4677,MUC
4678,MUDS
4679,MUDSU
4680,MUDSW
4681,MUE
4682,MUFG
4683,MUI
4684,MUJ
4685,MUR
4686,MUSA
4687,MUX
4688,MVBF
4689,MVF
4690,MVIS
4691,MVO
4692,MVT
4693,MWA
4694,MX
4695,MXC
4696,MXE
4697,MXF
4698,MXIM
4699,MXL
4700,MYC
4701,MYD
4702,MYE
4703,MYFW
4704,MYGN
4705,MYI
4706,MYJ
4707,MYMD
4708,MYN
4709,MYO
4710,MYOV
4711,MYRG
4712,MYSZ
4713,MYT
4714,MYTE
4715,NAAC
4716,NAACU
4717,NAACW
4718,NAC
4719,NAD
4720,NAII
4721,NAK
4722,NAKD
4723,NAN
4724,NAOV
4725,NAPA
4726,NARI
4727,NAT
4728,NATH
4729,NATI
4730,NATR
4731,NAV
4732,NAVB
4733,NAVI
4734,NAZ
4735,NBA
4736,NBB
4737,NBEV
4738,NBH
4739,NBHC
4740,NBIX
4741,NBN
4742,NBO
4743,NBR
4744,NBRV
4745,NBSE
4746,NBST
4747,NBSTU
4748,NBSTW
4749,NBTB
4750,NBTX
4751,NBW
4752,NBXG
4753,NBY
4754,NC
4755,NCA
4756,NCBS
4757,NCLH
4758,NCMI
4759,NCNA
4760,NCNO
4761,NCR
4762,NCSM
4763,NCTY
4764,NCV
4765,NCV^A
4766,NCZ
4767,NCZ^A
4768,NDAC
4769,NDACU
4770,NDACW
4771,NDAQ
4772,NDLS
4773,NDMO
4774,NDP
4775,NDRA
4776,NDRAW
4777,NDSN
4778,NEA
4779,NEBC
4780,NEBCU
4781,NEBCW
4782,NEE
4783,NEE^K
4784,NEE^N
4785,NEE^O
4786,NEE^P
4787,NEE^Q
4788,NEGG
4789,NEM
4790,NEN
4791,NEO
4792,NEOG
4793,NEON
4794,NEP
4795,NEPH
4796,NEPT
4797,NERV
4798,NES
4799,NESR
4800,NESRW
4801,NET
4802,NETE
4803,NETI
4804,NEU
4805,NEV
4806,NEW
4807,NEWA
4808,NEWP
4809,NEWR
4810,NEWT
4811,NEWTL
4812,NEWTZ
4813,NEX
4814,NEXA
4815,NEXI
4816,NEXT
4817,NFBK
4818,NFE
4819,NFG
4820,NFH
4821,NFJ
4822,NFLX
4823,NG
4824,NGAB
4825,NGAC
4826,NGACU
4827,NGACW
4828,NGC
4829,NGCA
4830,NGCAU
4831,NGCAW
4832,NGD
4833,NGG
4834,NGL
4835,NGL^B
4836,NGL^C
4837,NGM
4838,NGMS
4839,NGS
4840,NGVC
4841,NGVT
4842,NH
4843,NHC
4844,NHF
4845,NHF^A
4846,NHI
4847,NHIC
4848,NHICU
4849,NHICW
4850,NHS
4851,NHTC
4852,NI
4853,NICE
4854,NICK
4855,NID
4856,NIE
4857,NIM
4858,NIMC
4859,NINE
4860,NIO
4861,NIQ
4862,NISN
4863,NIU
4864,NI^B
4865,NJR
4866,NKE
4867,NKG
4868,NKLA
4869,NKSH
4870,NKTR
4871,NKTX
4872,NKX
4873,NL
4874,NLOK
4875,NLS
4876,NLSN
4877,NLSP
4878,NLSPW
4879,NLTX
4880,NLY
4881,NLY^F
4882,NLY^G
4883,NLY^I
4884,NM
4885,NMCO
4886,NMFC
4887,NMG
4888,NMI
4889,NMIH
4890,NMK^C
4891,NML
4892,NMM
4893,NMMC
4894,NMMCU
4895,NMMCW
4896,NMR
4897,NMRD
4898,NMRK
4899,NMS
4900,NMT
4901,NMTC
4902,NMTR
4903,NMZ
4904,NM^H
4905,NNA
4906,NNBR
4907,NNDM
4908,NNI
4909,NNN
4910,NNN^F
4911,NNOX
4912,NNVC
4913,NNY
4914,NOA
4915,NOAC
4916,NOACU
4917,NOACW
4918,NOAH
4919,NOC
4920,NODK
4921,NOG
4922,NOK
4923,NOM
4924,NOMD
4925,NOTV
4926,NOV
4927,NOVA
4928,NOVN
4929,NOVT
4930,NOW
4931,NP
4932,NPCE
4933,NPCT
4934,NPK
4935,NPO
4936,NPTN
4937,NPV
4938,NQP
4939,NR
4940,NRAC
4941,NRACU
4942,NRACW
4943,NRBO
4944,NRC
4945,NREF
4946,NREF^A
4947,NRG
4948,NRGX
4949,NRIM
4950,NRIX
4951,NRK
4952,NRO
4953,NRP
4954,NRT
4955,NRUC
4956,NRXP
4957,NRXPW
4958,NRZ
4959,NRZ^A
4960,NRZ^B
4961,NRZ^C
4962,NS
4963,NSA
4964,NSA^A
4965,NSC
4966,NSEC
4967,NSH
4968,NSIT
4969,NSL
4970,NSP
4971,NSPR
4972,NSS
4973,NSSC
4974,NSTB
4975,NSTC
4976,NSTD
4977,NSTG
4978,NSYS
4979,NS^A
4980,NS^B
4981,NS^C
4982,NTAP
4983,NTB
4984,NTCO
4985,NTCT
4986,NTEC
4987,NTES
4988,NTG
4989,NTGR
4990,NTIC
4991,NTIP
4992,NTLA
4993,NTNX
4994,NTP
4995,NTR
4996,NTRA
4997,NTRS
4998,NTRSO
4999,NTST
5000,NTUS
5001,NTWK
5002,NTZ
5003,NUAN
5004,NUE
5005,NUO
5006,NURO
5007,NUS
5008,NUV
5009,NUVA
5010,NUVB
5011,NUW
5012,NUWE
5013,NUZE
5014,NVAX
5015,NVCN
5016,NVCR
5017,NVDA
5018,NVEC
5019,NVEE
5020,NVFY
5021,NVG
5022,NVGS
5023,NVIV
5024,NVMI
5025,NVO
5026,NVOS
5027,NVR
5028,NVRO
5029,NVS
5030,NVSA
5031,NVSAU
5032,NVSAW
5033,NVST
5034,NVT
5035,NVTA
5036,NVVE
5037,NVVEW
5038,NWBI
5039,NWE
5040,NWFL
5041,NWG
5042,NWHM
5043,NWL
5044,NWLI
5045,NWN
5046,NWPX
5047,NWS
5048,NWSA
5049,NX
5050,NXC
5051,NXE
5052,NXGN
5053,NXJ
5054,NXN
5055,NXP
5056,NXPI
5057,NXQ
5058,NXR
5059,NXRT
5060,NXST
5061,NXTC
5062,NXTD
5063,NXU
5064,NYC
5065,NYCB
5066,NYCB^A
5067,NYCB^U
5068,NYMT
5069,NYMTM
5070,NYMTN
5071,NYMTO
5072,NYMTP
5073,NYMX
5074,NYT
5075,NZF
5076,O
5077,OACB
5078,OAK^A
5079,OAK^B
5080,OAS
5081,OBAS
5082,OBCI
5083,OBLG
5084,OBLN
5085,OBNK
5086,OBSV
5087,OC
5088,OCA
5089,OCAX
5090,OCAXU
5091,OCAXW
5092,OCC
5093,OCCI
5094,OCCIO
5095,OCCIP
5096,OCDX
5097,OCFC
5098,OCFCP
5099,OCFT
5100,OCG
5101,OCGN
5102,OCN
5103,OCSL
5104,OCUL
5105,OCUP
5106,OCX
5107,ODC
5108,ODFL
5109,ODP
5110,ODT
5111,OEC
5112,OEG
5113,OEPW
5114,OEPWU
5115,OEPWW
5116,OESX
5117,OFC
5118,OFED
5119,OFG
5120,OFG^D
5121,OFIX
5122,OFLX
5123,OFS
5124,OFSSG
5125,OFSSI
5126,OG
5127,OGE
5128,OGEN
5129,OGI
5130,OGN
5131,OGS
5132,OHI
5133,OHPA
5134,OHPAU
5135,OHPAW
5136,OI
5137,OIA
5138,OII
5139,OIIM
5140,OIS
5141,OKE
5142,OKTA
5143,OLB
5144,OLED
5145,OLK
5146,OLLI
5147,OLMA
5148,OLN
5149,OLO
5150,OLP
5151,OM
5152,OMAB
5153,OMC
5154,OMCL
5155,OMEG
5156,OMER
5157,OMEX
5158,OMF
5159,OMI
5160,OMIC
5161,OMP
5162,ON
5163,ONB
5164,ONCR
5165,ONCS
5166,ONCT
5167,ONCY
5168,ONDS
5169,ONE
5170,ONEM
5171,ONEW
5172,ONTF
5173,ONTO
5174,ONTX
5175,ONTXW
5176,ONVO
5177,OOMA
5178,OPA
5179,OPBK
5180,OPCH
5181,OPEN
5182,OPENW
5183,OPGN
5184,OPHC
5185,OPI
5186,OPINI
5187,OPINL
5188,OPK
5189,OPNT
5190,OPOF
5191,OPP
5192,OPP^A
5193,OPRA
5194,OPRT
5195,OPRX
5196,OPT
5197,OPTN
5198,OPTT
5199,OPY
5200,OR
5201,ORA
5202,ORAN
5203,ORBC
5204,ORC
5205,ORCC
5206,ORCL
5207,ORGO
5208,ORGS
5209,ORI
5210,ORIAU
5211,ORIC
5212,ORLA
5213,ORLY
5214,ORMP
5215,ORN
5216,ORPH
5217,ORRF
5218,ORTX
5219,OSBC
5220,OSCR
5221,OSG
5222,OSH
5223,OSIS
5224,OSK
5225,OSMT
5226,OSN
5227,OSPN
5228,OSS
5229,OSTK
5230,OSTR
5231,OSTRU
5232,OSTRW
5233,OSUR
5234,OSW
5235,OTEX
5236,OTIC
5237,OTIS
5238,OTLK
5239,OTLKW
5240,OTLY
5241,OTRA
5242,OTRAU
5243,OTRAW
5244,OTRK
5245,OTRKP
5246,OTTR
5247,OUST
5248,OUT
5249,OVBC
5250,OVID
5251,OVLY
5252,OVV
5253,OWL
5254,OXBR
5255,OXBRW
5256,OXLC
5257,OXLCL
5258,OXLCM
5259,OXLCP
5260,OXM
5261,OXSQ
5262,OXSQG
5263,OXSQL
5264,OXSQZ
5265,OXY
5266,OYST
5267,OZK
5268,OZON
5269,PAA
5270,PAAS
5271,PAC
5272,PACB
5273,PACE
5274,PACK
5275,PACW
5276,PACX
5277,PACXU
5278,PACXW
5279,PAE
5280,PAEWW
5281,PAG
5282,PAGP
5283,PAGS
5284,PAHC
5285,PAI
5286,PAIC
5287,PAICU
5288,PAICW
5289,PALI
5290,PAM
5291,PANA
5292,PANL
5293,PANW
5294,PAQC
5295,PAQCU
5296,PAQCW
5297,PAR
5298,PARA
5299,PARR
5300,PASG
5301,PATH
5302,PATI
5303,PATK
5304,PAVM
5305,PAVMW
5306,PAVMZ
5307,PAX
5308,PAY
5309,PAYA
5310,PAYAW
5311,PAYC
5312,PAYS
5313,PAYX
5314,PB
5315,PBA
5316,PBC
5317,PBCT
5318,PBCTP
5319,PBF
5320,PBFS
5321,PBFX
5322,PBH
5323,PBHC
5324,PBI
5325,PBIP
5326,PBI^B
5327,PBLA
5328,PBPB
5329,PBR
5330,PBT
5331,PBTS
5332,PBY
5333,PBYI
5334,PCAR
5335,PCB
5336,PCF
5337,PCG
5338,PCGU
5339,PCG^A
5340,PCG^B
5341,PCG^C
5342,PCG^D
5343,PCG^E
5344,PCG^H
5345,PCH
5346,PCI
5347,PCK
5348,PCM
5349,PCN
5350,PCOM
5351,PCOR
5352,PCPC
5353,PCQ
5354,PCRX
5355,PCSA
5356,PCSB
5357,PCT
5358,PCTI
5359,PCTTU
5360,PCTTW
5361,PCTY
5362,PCVX
5363,PCYG
5364,PCYO
5365,PD
5366,PDAC
5367,PDCE
5368,PDCO
5369,PDD
5370,PDEX
5371,PDFS
5372,PDI
5373,PDLB
5374,PDM
5375,PDO
5376,PDOT
5377,PDS
5378,PDSB
5379,PDT
5380,PEAK
5381,PEB
5382,PEBK
5383,PEBO
5384,PEB^C
5385,PEB^D
5386,PEB^E
5387,PEB^F
5388,PEB^G
5389,PED
5390,PEG
5391,PEGA
5392,PEI
5393,PEI^B
5394,PEI^C
5395,PEI^D
5396,PEN
5397,PENN
5398,PEO
5399,PEP
5400,PERI
5401,PESI
5402,PETQ
5403,PETS
5404,PETZ
5405,PFBC
5406,PFBI
5407,PFC
5408,PFD
5409,PFDR
5410,PFDRU
5411,PFDRW
5412,PFE
5413,PFG
5414,PFGC
5415,PFH
5416,PFHD
5417,PFIE
5418,PFIN
5419,PFIS
5420,PFL
5421,PFLT
5422,PFMT
5423,PFN
5424,PFO
5425,PFPT
5426,PFS
5427,PFSI
5428,PFSW
5429,PFX
5430,PFXNL
5431,PG
5432,PGC
5433,PGEN
5434,PGNY
5435,PGP
5436,PGR
5437,PGRE
5438,PGRW
5439,PGRWU
5440,PGRWW
5441,PGTI
5442,PGZ
5443,PH
5444,PHAR
5445,PHAS
5446,PHAT
5447,PHCF
5448,PHD
5449,PHG
5450,PHGE
5451,PHI
5452,PHIC
5453,PHICU
5454,PHICW
5455,PHIO
5456,PHIOW
5457,PHK
5458,PHM
5459,PHR
5460,PHT
5461,PHUN
5462,PHUNW
5463,PHVS
5464,PHX
5465,PI
5466,PIAI
5467,PICC
5468,PII
5469,PIM
5470,PINC
5471,PINE
5472,PING
5473,PINS
5474,PIPP
5475,PIPR
5476,PIRS
5477,PIXY
5478,PJT
5479,PK
5480,PKBK
5481,PKE
5482,PKG
5483,PKI
5484,PKO
5485,PKOH
5486,PKX
5487,PLAB
5488,PLAG
5489,PLAN
5490,PLAY
5491,PLBC
5492,PLBY
5493,PLCE
5494,PLD
5495,PLG
5496,PLIN
5497,PLL
5498,PLM
5499,PLMI
5500,PLMIU
5501,PLMIW
5502,PLMR
5503,PLNT
5504,PLOW
5505,PLPC
5506,PLRX
5507,PLSE
5508,PLTK
5509,PLTR
5510,PLUG
5511,PLUS
5512,PLX
5513,PLXP
5514,PLXS
5515,PLYA
5516,PLYM
5517,PLYM^A
5518,PM
5519,PMBC
5520,PMD
5521,PME
5522,PMF
5523,PMGM
5524,PMGMU
5525,PML
5526,PMM
5527,PMO
5528,PMT
5529,PMT^A
5530,PMT^B
5531,PMVC
5532,PMVP
5533,PMX
5534,PNBK
5535,PNC
5536,PNC^P
5537,PNF
5538,PNFP
5539,PNFPP
5540,PNI
5541,PNM
5542,PNNT
5543,PNNTG
5544,PNR
5545,PNRG
5546,PNTG
5547,PNTM
5548,PNW
5549,POAI
5550,PODD
5551,POLA
5552,POLY
5553,POOL
5554,POR
5555,POSH
5556,POST
5557,POW
5558,POWI
5559,POWL
5560,POWRU
5561,POWRW
5562,POWW
5563,POWWP
5564,PPBI
5565,PPBT
5566,PPC
5567,PPD
5568,PPG
5569,PPGH
5570,PPGHU
5571,PPGHW
5572,PPIH
5573,PPL
5574,PPR
5575,PPSI
5576,PPT
5577,PPTA
5578,PPX
5579,PQG
5580,PRA
5581,PRAA
5582,PRAH
5583,PRAX
5584,PRCH
5585,PRDO
5586,PRE^J
5587,PRFT
5588,PRFX
5589,PRG
5590,PRGO
5591,PRGS
5592,PRI
5593,PRIF^A
5594,PRIF^C
5595,PRIF^D
5596,PRIF^E
5597,PRIF^F
5598,PRIF^G
5599,PRIF^H
5600,PRIM
5601,PRK
5602,PRLB
5603,PRLD
5604,PRMW
5605,PRO
5606,PROF
5607,PROG
5608,PROS
5609,PROV
5610,PRPB
5611,PRPC
5612,PRPH
5613,PRPL
5614,PRPO
5615,PRQR
5616,PRS
5617,PRSR
5618,PRSRU
5619,PRSRW
5620,PRT
5621,PRTA
5622,PRTC
5623,PRTG
5624,PRTH
5625,PRTK
5626,PRTS
5627,PRTY
5628,PRU
5629,PRVA
5630,PRVB
5631,PSA
5632,PSAC
5633,PSACU
5634,PSACW
5635,PSAG
5636,PSAGU
5637,PSAGW
5638,PSA^C
5639,PSA^D
5640,PSA^E
5641,PSA^F
5642,PSA^G
5643,PSA^H
5644,PSA^I
5645,PSA^J
5646,PSA^K
5647,PSA^L
5648,PSA^M
5649,PSA^N
5650,PSA^O
5651,PSB
5652,PSB^W
5653,PSB^X
5654,PSB^Y
5655,PSB^Z
5656,PSEC
5657,PSF
5658,PSFE
5659,PSHG
5660,PSMT
5661,PSN
5662,PSNL
5663,PSO
5664,PSTG
5665,PSTH
5666,PSTI
5667,PSTL
5668,PSTV
5669,PSTX
5670,PSX
5671,PSXP
5672,PT
5673,PTA
5674,PTC
5675,PTCT
5676,PTE
5677,PTEN
5678,PTGX
5679,PTIC
5680,PTICU
5681,PTICW
5682,PTIX
5683,PTIXW
5684,PTK
5685,PTMN
5686,PTN
5687,PTNR
5688,PTOC
5689,PTOCU
5690,PTOCW
5691,PTON
5692,PTPI
5693,PTR
5694,PTRS
5695,PTSI
5696,PTVCA
5697,PTVCB
5698,PTVE
5699,PTY
5700,PUBM
5701,PUCK
5702,PUCKU
5703,PUCKW
5704,PUK
5705,PUK^
5706,PUK^A
5707,PULM
5708,PUMP
5709,PUYI
5710,PV
5711,PVAC
5712,PVBC
5713,PVG
5714,PVH
5715,PVL
5716,PW
5717,PWFL
5718,PWOD
5719,PWR
5720,PW^A
5721,PXD
5722,PXLW
5723,PXS
5724,PXSAP
5725,PXSAW
5726,PYN
5727,PYPD
5728,PYPL
5729,PYR
5730,PYS
5731,PZC
5732,PZG
5733,PZN
5734,PZZA
5735,QADA
5736,QADB
5737,QCOM
5738,QCRH
5739,QD
5740,QDEL
5741,QELL
5742,QELLU
5743,QELLW
5744,QFIN
5745,QFTA
5746,QGEN
5747,QH
5748,QIPT
5749,QIWI
5750,QK
5751,QLGN
5752,QLI
5753,QLYS
5754,QMCO
5755,QNST
5756,QQQX
5757,QRHC
5758,QRTEA
5759,QRTEB
5760,QRTEP
5761,QRVO
5762,QS
5763,QSR
5764,QTNT
5765,QTRX
5766,QTS
5767,QTS^A
5768,QTS^B
5769,QTT
5770,QTWO
5771,QUAD
5772,QUIK
5773,QUMU
5774,QUOT
5775,QURE
5776,QVCC
5777,QVCD
5778,R
5779,RA
5780,RAAC
5781,RAACU
5782,RAACW
5783,RAAS
5784,RACA
5785,RACB
5786,RACE
5787,RAD
5788,RADA
5789,RADI
5790,RAIL
5791,RAIN
5792,RAMMU
5793,RAMP
5794,RAND
5795,RAPT
5796,RARE
5797,RAVE
5798,RAVN
5799,RBA
5800,RBAC
5801,RBB
5802,RBBN
5803,RBC
5804,RBCAA
5805,RBCN
5806,RBKB
5807,RBLX
5808,RBNC
5809,RC
5810,RCA
5811,RCAT
5812,RCB
5813,RCC
5814,RCEL
5815,RCG
5816,RCHG
5817,RCHGU
5818,RCHGW
5819,RCI
5820,RCII
5821,RCKT
5822,RCKY
5823,RCL
5824,RCLF
5825,RCLFU
5826,RCLFW
5827,RCM
5828,RCMT
5829,RCON
5830,RCS
5831,RCUS
5832,RC^B
5833,RC^C
5834,RC^D
5835,RDCM
5836,RDFN
5837,RDHL
5838,RDI
5839,RDIB
5840,RDN
5841,RDNT
5842,RDS/B
5843,RDUS
5844,RDVT
5845,RDWR
5846,RDY
5847,RE
5848,REAL
5849,REDU
5850,REED
5851,REFR
5852,REG
5853,REGI
5854,REGN
5855,REI
5856,REKR
5857,RELI
5858,RELIW
5859,RELL
5860,RELX
5861,RENN
5862,REPH
5863,REPL
5864,REPX
5865,RES
5866,RESN
5867,RETA
5868,RETO
5869,REV
5870,REVG
5871,REVH
5872,REVHU
5873,REVHW
5874,REX
5875,REXR
5876,REXR^A
5877,REXR^B
5878,REXR^C
5879,REYN
5880,REZI
5881,RF
5882,RFI
5883,RFIL
5884,RFL
5885,RFM
5886,RFMZ
5887,RFP
5888,RF^A
5889,RF^B
5890,RF^C
5891,RF^E
5892,RGA
5893,RGCO
5894,RGEN
5895,RGLD
5896,RGLS
5897,RGNX
5898,RGP
5899,RGR
5900,RGS
5901,RGT
5902,RH
5903,RHE
5904,RHE^A
5905,RHI
5906,RHP
5907,RIBT
5908,RICE
5909,RICK
5910,RIDE
5911,RIG
5912,RIGL
5913,RILY
5914,RILYG
5915,RILYH
5916,RILYI
5917,RILYK
5918,RILYL
5919,RILYM
5920,RILYN
5921,RILYO
5922,RILYP
5923,RILYT
5924,RIO
5925,RIOT
5926,RIV
5927,RIVE
5928,RIVN
5929,RJF
5930,RKDA
5931,RKT
5932,RKTA
5933,RL
5934,RLAY
5935,RLGT
5936,RLGY
5937,RLI
5938,RLJ
5939,RLJ^A
5940,RLMD
5941,RLX
5942,RM
5943,RMAX
5944,RMBI
5945,RMBL
5946,RMBS
5947,RMCF
5948,RMD
5949,RMED
5950,RMGB
5951,RMGBU
5952,RMGBW
5953,RMGC
5954,RMGCU
5955,RMGCW
5956,RMI
5957,RMM
5958,RMNI
5959,RMO
5960,RMPL^
5961,RMR
5962,RMRM
5963,RMT
5964,RMTI
5965,RNA
5966,RNDB
5967,RNG
5968,RNGR
5969,RNLX
5970,RNP
5971,RNR
5972,RNR^E
5973,RNR^F
5974,RNST
5975,RNWK
5976,ROAD
5977,ROCC
5978,ROCCU
5979,ROCCW
5980,ROCK
5981,ROCR
5982,ROCRU
5983,ROCRW
5984,ROG
5985,ROIC
5986,ROK
5987,ROKU
5988,ROL
5989,ROLL
5990,ROOT
5991,ROP
5992,ROSS
5993,ROST
5994,ROT
5995,RPAI
5996,RPAY
5997,RPD
5998,RPHM
5999,RPM
6000,RPRX
6001,RPT
6002,RPTX
6003,RPT^D
6004,RQI
6005,RRBI
6006,RRC
6007,RRD
6008,RRGB
6009,RRR
6010,RS
6011,RSF
6012,RSG
6013,RSI
6014,RSSS
6015,RSVA
6016,RSVAU
6017,RSVAW
6018,RTLR
6019,RTP
6020,RTPY
6021,RTPYU
6022,RTPYW
6023,RTPZ
6024,RTX
6025,RUBY
6026,RUN
6027,RUSHA
6028,RUSHB
6029,RUTH
6030,RVI
6031,RVLV
6032,RVMD
6033,RVNC
6034,RVP
6035,RVPH
6036,RVPHW
6037,RVSB
6038,RVT
6039,RWLK
6040,RWT
6041,RXDX
6042,RXN
6043,RXRA
6044,RXRAU
6045,RXRAW
6046,RXRX
6047,RXT
6048,RY
6049,RYAAY
6050,RYAM
6051,RYB
6052,RYI
6053,RYN
6054,RYTM
6055,RY^T
6056,RZA
6057,RZB
6058,RZLT
6059,SA
6060,SABR
6061,SABRP
6062,SACC
6063,SACH
6064,SAF
6065,SAFE
6066,SAFM
6067,SAFT
6068,SAGE
6069,SAH
6070,SAIA
6071,SAIC
6072,SAII
6073,SAIIU
6074,SAIIW
6075,SAIL
6076,SAK
6077,SAL
6078,SALM
6079,SAM
6080,SAMG
6081,SAN
6082,SANA
6083,SAND      
6084,SANM
6085,SANW
6086,SAP
6087,SAR
6088,SASR
6089,SATS
6090,SAVA
6091,SAVE
6092,SB
6093,SBAC
6094,SBBA
6095,SBBP
6096,SBCF
6097,SBEA
6098,SBEAU
6099,SBEAW
6100,SBFG
6101,SBG
6102,SBGI
6103,SBH
6104,SBI
6105,SBII
6106,SBLK
6107,SBLKZ
6108,SBNY
6109,SBNYP
6110,SBOW
6111,SBR
6112,SBRA
6113,SBS
6114,SBSI
6115,SBSW
6116,SBT
6117,SBTX
6118,SBUX
6119,SB^C
6120,SB^D
6121,SC
6122,SCAQ
6123,SCAQU
6124,SCAQW
6125,SCCB
6126,SCCC
6127,SCCO
6128,SCD
6129,SCE^G
6130,SCE^H
6131,SCE^J
6132,SCE^K
6133,SCE^L
6134,SCHL
6135,SCHN
6136,SCHW
6137,SCHW^C
6138,SCHW^D
6139,SCHW^J
6140,SCI
6141,SCKT
6142,SCL
6143,SCLE
6144,SCLEU
6145,SCLEW
6146,SCM
6147,SCOA
6148,SCOAU
6149,SCOAW
6150,SCOB
6151,SCOBU
6152,SCOBW
6153,SCOR
6154,SCPE
6155,SCPH
6156,SCPL
6157,SCPS
6158,SCR
6159,SCS
6160,SCSC
6161,SCU
6162,SCVL
6163,SCVX
6164,SCWX
6165,SCX
6166,SCYX
6167,SD
6168,SDAC
6169,SDACU
6170,SDACW
6171,SDC
6172,SDGR
6173,SDH
6174,SDHY
6175,SDPI
6176,SE
6177,SEAC
6178,SEAH
6179,SEAS
6180,SEB
6181,SECO
6182,SEDG
6183,SEE
6184,SEED
6185,SEEL
6186,SEER
6187,SEIC
6188,SELB
6189,SELF
6190,SEM
6191,SEMR
6192,SENEA
6193,SENEB
6194,SENS
6195,SESN
6196,SF
6197,SFB
6198,SFBC
6199,SFBS
6200,SFE
6201,SFET
6202,SFIX
6203,SFL
6204,SFM
6205,SFNC
6206,SFST
6207,SFT
6208,SFTW
6209,SFUN
6210,SF^A
6211,SF^B
6212,SF^C
6213,SGA
6214,SGAM
6215,SGAMU
6216,SGAMW
6217,SGBX
6218,SGC
6219,SGEN
6220,SGFY
6221,SGH
6222,SGLB
6223,SGLBW
6224,SGMA
6225,SGMO
6226,SGMS
6227,SGOC
6228,SGRP
6229,SGRY
6230,SGTX
6231,SGU
6232,SHAC
6233,SHACU
6234,SHACW
6235,SHAK
6236,SHBI
6237,SHC
6238,SHEN
6239,SHG
6240,SHI
6241,SHIP
6242,SHIPW
6243,SHIPZ
6244,SHLS
6245,SHLX
6246,SHO
6247,SHOO
6248,SHOP
6249,SHO^E
6250,SHO^F
6251,SHO^H
6252,SHSP
6253,SHW
6254,SHYF
6255,SI
6256,SIBN
6257,SIC
6258,SID
6259,SIEB
6260,SIEN
6261,SIF
6262,SIFY
6263,SIG
6264,SIGA
6265,SIGI
6266,SIGIP
6267,SII
6268,SILC
6269,SILK
6270,SILV
6271,SIM
6272,SIMO
6273,SINO
6274,SINT
6275,SIOX
6276,SIRI
6277,SITC
6278,SITC^A
6279,SITE
6280,SITM
6281,SIVB
6282,SIVBP
6283,SIX
6284,SJ
6285,SJI
6286,SJIJ
6287,SJIV
6288,SJM
6289,SJR
6290,SJT
6291,SJW
6292,SKIN
6293,SKINW
6294,SKLZ
6295,SKM
6296,SKT
6297,SKX
6298,SKY
6299,SKYAU
6300,SKYT
6301,SKYW
6302,SLAB
6303,SLAC
6304,SLAM
6305,SLAMU
6306,SLAMW
6307,SLB
6308,SLCA
6309,SLCR
6310,SLCRU
6311,SLCRW
6312,SLCT
6313,SLDB
6314,SLF
6315,SLG
6316,SLGG
6317,SLGL
6318,SLGN
6319,SLG^I
6320,SLM
6321,SLMBP
6322,SLN
6323,SLNG
6324,SLNO
6325,SLP
6326,SLQT
6327,SLRC
6328,SLRX
6329,SLS
6330,SM
6331,SMAR
6332,SMBC
6333,SMBK
6334,SMCI
6335,SMED
6336,SMFG
6337,SMG
6338,SMHI
6339,SMID
6340,SMIT
6341,SMLP
6342,SMM
6343,SMMF
6344,SMMT
6345,SMP
6346,SMPL
6347,SMSI
6348,SMTC
6349,SMTI
6350,SMTS
6351,SMWB
6352,SNA
6353,SNAP
6354,SNBR
6355,SNCR
6356,SNCY
6357,SND
6358,SNDL
6359,SNDR
6360,SNDX
6361,SNES
6362,SNEX
6363,SNFCA
6364,SNGX
6365,SNGXW
6366,SNII
6367,SNMP
6368,SNN
6369,SNOA
6370,SNOW
6371,SNP
6372,SNPR
6373,SNPS
6374,SNR
6375,SNRH
6376,SNRHU
6377,SNRHW
6378,SNSE
6379,SNV
6380,SNV^D
6381,SNV^E
6382,SNX
6383,SNY
6384,SO
6385,SOAC
6386,SOGO
6387,SOHO
6388,SOHOB
6389,SOHON
6390,SOHOO
6391,SOHU
6392,SOI
6393,SOJB
6394,SOJC
6395,SOJD
6396,SOJE
6397,SOL
6398,SOLN
6399,SOLO
6400,SOLOW
6401,SOLY
6402,SON
6403,SONM
6404,SONN
6405,SONO
6406,SONY
6407,SOR
6408,SOS
6409,SP
6410,SPAQ
6411,SPB
6412,SPCB
6413,SPCE
6414,SPE
6415,SPE^B
6416,SPFI
6417,SPFR
6418,SPG
6419,SPGI
6420,SPGS
6421,SPG^J
6422,SPH
6423,SPI
6424,SPKB
6425,SPKBU
6426,SPKBW
6427,SPKE
6428,SPKEP
6429,SPLK
6430,SPLP
6431,SPLP^A
6432,SPNE
6433,SPNS
6434,SPNT
6435,SPNV
6436,SPOK
6437,SPOT
6438,SPPI
6439,SPR
6440,SPRB
6441,SPRO
6442,SPRQ
6443,SPRT
6444,SPSC
6445,SPT
6446,SPTK
6447,SPTKU
6448,SPTKW
6449,SPTN
6450,SPWH
6451,SPWR
6452,SPXC
6453,SPXX
6454,SPY
6455,SQ
6456,SQBG
6457,SQFT
6458,SQM
6459,SQNS
6460,SQSP
6461,SQZ
6462,SR
6463,SRAC
6464,SRACU
6465,SRACW
6466,SRAX
6467,SRC
6468,SRCE
6469,SRCL
6470,SRC^A
6471,SRDX
6472,SRE
6473,SREA
6474,SREV
6475,SRE^B
6476,SRG
6477,SRGA
6478,SRG^A
6479,SRI
6480,SRL
6481,SRLP
6482,SRNE
6483,SRNG
6484,SRNGU
6485,SRNGW
6486,SRPT
6487,SRRA
6488,SRRK
6489,SRSA
6490,SRSAU
6491,SRSAW
6492,SRT
6493,SRTS
6494,SRV
6495,SR^A
6496,SSAA
6497,SSAAU
6498,SSAAW
6499,SSB
6500,SSBI
6501,SSD
6502,SSKN
6503,SSL
6504,SSNC
6505,SSNT
6506,SSP
6507,SSPK
6508,SSPKU
6509,SSPKW
6510,SSRM
6511,SSSS
6512,SSTI
6513,SSTK
6514,SSY
6515,SSYS
6516,ST
6517,STAA
6518,STAF
6519,STAG
6520,STAR      
6521,STAR^D
6522,STAR^G
6523,STAR^I
6524,STAY
6525,STBA
6526,STC
6527,STCN
6528,STE
6529,STEM
6530,STEP
6531,STFC
6532,STG
6533,STIC
6534,STIM
6535,STK
6536,STKL
6537,STKS
6538,STL
6539,STLA
6540,STLD
6541,STL^A
6542,STM
6543,STMP
6544,STN
6545,STND
6546,STNE
6547,STNG
6548,STOK
6549,STON
6550,STOR
6551,STPC
6552,STRA
6553,STRE
6554,STRL
6555,STRM
6556,STRO
6557,STRR
6558,STRRP
6559,STRS
6560,STRT
6561,STSA
6562,STT
6563,STTK
6564,STT^D
6565,STT^G
6566,STWD
6567,STWO
6568,STWOU
6569,STWOW
6570,STX
6571,STXB
6572,STXS
6573,STZ
6574,STZ/B
6575,SU
6576,SUI
6577,SUM
6578,SUMO
6579,SUMR
6580,SUN
6581,SUNS
6582,SUNW
6583,SUP
6584,SUPN
6585,SUPV
6586,SURF
6587,SUZ
6588,SV
6589,SVAC
6590,SVACU
6591,SVACW
6592,SVBI
6593,SVC
6594,SVFA
6595,SVFAU
6596,SVFAW
6597,SVFB
6598,SVFC
6599,SVFD
6600,SVM
6601,SVMK
6602,SVOK
6603,SVOKU
6604,SVOKW
6605,SVRA
6606,SVSVU
6607,SVSVW
6608,SVT
6609,SVVC
6610,SWAV
6611,SWBI
6612,SWBK
6613,SWCH
6614,SWET
6615,SWETU
6616,SWETW
6617,SWI
6618,SWIM
6619,SWIR
6620,SWK
6621,SWKH
6622,SWKS
6623,SWM
6624,SWN
6625,SWT
6626,SWTX
6627,SWX
6628,SWZ
6629,SXC
6630,SXI
6631,SXT
6632,SXTC
6633,SY
6634,SYBT
6635,SYBX
6636,SYF
6637,SYF^A
6638,SYK
6639,SYKE
6640,Symbol
6641,SYN
6642,SYNA
6643,SYNH
6644,SYNL
6645,SYPR
6646,SYRS
6647,SYTA
6648,SYTAW
6649,SYX
6650,SYY
6651,SZC
6652,T
6653,TA
6654,TAC
6655,TACA
6656,TACO
6657,TACT
6658,TAIT
6659,TAK
6660,TAL
6661,TALO
6662,TALS
6663,TANH
6664,TANNI
6665,TANNL
6666,TANNZ
6667,TAOP
6668,TAP
6669,TARA
6670,TARO
6671,TARS
6672,TAST
6673,TATT
6674,TAYD
6675,TBA
6676,TBB
6677,TBBK
6678,TBC
6679,TBCP
6680,TBCPU
6681,TBCPW
6682,TBI
6683,TBIO
6684,TBK
6685,TBKCP
6686,TBLT
6687,TBLTW
6688,TBNK
6689,TBPH
6690,TBSAU
6691,TC
6692,TCAC
6693,TCACU
6694,TCACW
6695,TCBI
6696,TCBIL
6697,TCBIO
6698,TCBIP
6699,TCBK
6700,TCDA
6701,TCF
6702,TCFC
6703,TCFCP
6704,TCI
6705,TCMD
6706,TCOM
6707,TCON
6708,TCPC
6709,TCRR
6710,TCS
6711,TCVA
6712,TCX
6713,TD
6714,TDA
6715,TDAC
6716,TDACU
6717,TDACW
6718,TDC
6719,TDF
6720,TDG
6721,TDI
6722,TDOC
6723,TDS
6724,TDS^U
6725,TDUP
6726,TDW
6727,TDY
6728,TEAF
6729,TEAM
6730,TECH
6731,TECK
6732,TECTP
6733,TEDU
6734,TEF
6735,TEI
6736,TEKK
6737,TEKKU
6738,TEKKW
6739,TEL
6740,TELA
6741,TELL
6742,TEN
6743,TENB
6744,TENX
6745,TEO
6746,TER
6747,TERN
6748,TESS
6749,TETC
6750,TETCU
6751,TETCW
6752,TEVA
6753,TEX
6754,TFC
6755,TFC^H
6756,TFC^I
6757,TFC^O
6758,TFC^R
6759,TFFP
6760,TFII
6761,TFSA
6762,TFSL
6763,TFX
6764,TG
6765,TGA
6766,TGB
6767,TGH
6768,TGH^A
6769,TGI
6770,TGLS
6771,TGNA
6772,TGP
6773,TGP^A
6774,TGP^B
6775,TGS
6776,TGT
6777,TGTX
6778,TH
6779,THBR
6780,THBRU
6781,THBRW
6782,THC
6783,THCA
6784,THCAU
6785,THCAW
6786,THCB
6787,THCBU
6788,THCBW
6789,THFF
6790,THG
6791,THM
6792,THMA
6793,THMAU
6794,THMAW
6795,THMO
6796,THO
6797,THQ
6798,THR
6799,THRM
6800,THRY
6801,THS
6802,THTX
6803,THW
6804,THWWW
6805,TIG
6806,TIGO
6807,TIGR
6808,TIL
6809,TILE
6810,TIMB
6811,TINV
6812,TIOAU
6813,TIPT
6814,TIRX
6815,TISI
6816,TITN
6817,TIXT
6818,TJX
6819,TK
6820,TKAT
6821,TKC
6822,TKR
6823,TLC
6824,TLGA
6825,TLGT
6826,TLIS
6827,TLK
6828,TLMD
6829,TLMDW
6830,TLND
6831,TLRY
6832,TLS
6833,TLSA
6834,TLT
6835,TLYS
6836,TM
6837,TMAC
6838,TMBR
6839,TMCI
6840,TMDI
6841,TMDX
6842,TME
6843,TMHC
6844,TMKR
6845,TMKRU
6846,TMKRW
6847,TMO
6848,TMP
6849,TMPM
6850,TMPMU
6851,TMPMW
6852,TMQ
6853,TMST
6854,TMTS
6855,TMTSU
6856,TMTSW
6857,TMUS
6858,TMX
6859,TNC
6860,TNDM
6861,TNET
6862,TNK
6863,TNL
6864,TNP
6865,TNP^D
6866,TNP^E
6867,TNP^F
6868,TNXP
6869,TOL
6870,TOMZ
6871,TOPS
6872,TOT
6873,TOUR
6874,TOWN
6875,TPB
6876,TPC
6877,TPGS
6878,TPGY
6879,TPH
6880,TPHS
6881,TPIC
6882,TPL
6883,TPR
6884,TPTX
6885,TPVG
6886,TPX
6887,TPZ
6888,TR
6889,TRC
6890,TRCA
6891,TRCH
6892,TREB
6893,TREC
6894,TREE
6895,TREX
6896,TRGP
6897,TRHC
6898,TRI
6899,TRIB
6900,TRIL
6901,TRIN
6902,TRIP
6903,TRIT
6904,TRITW
6905,TRKA
6906,TRKAW
6907,TRMB
6908,TRMD
6909,TRMK
6910,TRMT
6911,TRN
6912,TRNO
6913,TRNS
6914,TROW
6915,TROX
6916,TRP
6917,TRQ
6918,TRS
6919,TRST
6920,TRT
6921,TRTN
6922,TRTN^A
6923,TRTN^B
6924,TRTN^C
6925,TRTN^D
6926,TRTX
6927,TRU
6928,TRUE
6929,TRUP
6930,TRV
6931,TRVG
6932,TRVI
6933,TRVN
6934,TRX
6935,TS
6936,TSBK
6937,TSC
6938,TSCAP
6939,TSCBP
6940,TSCO
6941,TSE
6942,TSEM
6943,TSHA
6944,TSI
6945,TSIA
6946,TSIAU
6947,TSIAW
6948,TSIB
6949,TSIBU
6950,TSIBW
6951,TSLA
6952,TSLX
6953,TSM
6954,TSN
6955,TSP
6956,TSPQ
6957,TSQ
6958,TSRI
6959,TT
6960,TTC
6961,TTCF
6962,TTD
6963,TTEC
6964,TTEK
6965,TTGT
6966,TTI
6967,TTM
6968,TTMI
6969,TTNP
6970,TTOO
6971,TTP
6972,TTWO
6973,TU
6974,TUEM
6975,TUFN
6976,TUGCU
6977,TUP
6978,TURN
6979,TUSK
6980,TUYA
6981,TV
6982,TVAC
6983,TVACU
6984,TVACW
6985,TVC
6986,TVE
6987,TVTX
6988,TVTY
6989,TW
6990,TWCT
6991,TWCTU
6992,TWCTW
6993,TWI
6994,TWIN
6995,TWLO
6996,TWLV
6997,TWLVU
6998,TWLVW
6999,TWN
7000,TWND
7001,TWNI
7002,TWNK
7003,TWNKW
7004,TWNT
7005,TWO
7006,TWOA
7007,TWOU
7008,TWO^A
7009,TWO^B
7010,TWO^C
7011,TWST
7012,TWTR
7013,TX
7014,TXG
7015,TXMD
7016,TXN
7017,TXRH
7018,TXT
7019,TY
7020,TYG
7021,TYHT
7022,TYL
7023,TYME
7024,TY^
7025,TZOO
7026,TZPS
7027,TZPSU
7028,TZPSW
7029,T^A
7030,T^C
7031,U
7032,UA
7033,UAA
7034,UAL
7035,UAMY
7036,UAN
7037,UAVS
7038,UBA
7039,UBCP
7040,UBER
7041,UBFO
7042,UBOH
7043,UBP
7044,UBP^H
7045,UBP^K
7046,UBS
7047,UBSI
7048,UBX
7049,UCBI
7050,UCBIO
7051,UCL
7052,UCTT
7053,UDR
7054,UE
7055,UEC
7056,UEIC
7057,UEPS
7058,UFAB
7059,UFCS
7060,UFI
7061,UFPI
7062,UFPT
7063,UFS
7064,UG
7065,UGI
7066,UGP
7067,UGRO
7068,UHAL
7069,UHS
7070,UHT
7071,UI
7072,UIHC
7073,UIS
7074,UK
7075,UKOMW
7076,UL
7077,ULBI
7078,ULCC
7079,ULH
7080,ULTA
7081,UMBF
7082,UMC
7083,UMH
7084,UMH^C
7085,UMH^D
7086,UMPQ
7087,UNAM
7088,UNB
7089,UNF
7090,UNFI
7091,UNH
7092,UNIT
7093,UNM
7094,UNMA
7095,UNP
7096,UNTY
7097,UNVR
7098,UONE
7099,UONEK
7100,UPC
7101,UPLD
7102,UPS
7103,UPST
7104,UPWK
7105,URBN
7106,URG
7107,URGN
7108,URI
7109,UROY
7110,USA
7111,USAC
7112,USAK
7113,USAP
7114,USAS
7115,USAU
7116,USB
7117,USB^A
7118,USB^H
7119,USB^M
7120,USB^P
7121,USB^Q
7122,USB^R
7123,USCR
7124,USDP
7125,USEG
7126,USFD
7127,USIO
7128,USLM
7129,USM
7130,USNA
7131,USPH
7132,USWS
7133,USWSW
7134,USX
7135,UTF
7136,UTG
7137,UTHR
7138,UTI
7139,UTL
7140,UTMD
7141,UTME
7142,UTSI
7143,UTZ
7144,UUU
7145,UUUU
7146,UVE
7147,UVSP
7148,UVV
7149,UWMC
7150,UXIN
7151,UZA
7152,UZC
7153,UZD
7154,UZE
7155,UZF
7156,V
7157,VABK
7158,VAC
7159,VACC
7160,VACQ
7161,VACQU
7162,VACQW
7163,VAL
7164,VALE
7165,VALN
7166,VALU
7167,VAPO
7168,VAQC
7169,VBF
7170,VBFC
7171,VBIV
7172,VBLT
7173,VBTX
7174,VC
7175,VCEL
7176,VCF
7177,VCIF
7178,VCKA
7179,VCKAU
7180,VCKAW
7181,VCNX
7182,VCRA
7183,VCTR
7184,VCV
7185,VCVC
7186,VCVCU
7187,VCVCW
7188,VCYT
7189,VEC
7190,VECO
7191,VECT
7192,VEDL
7193,VEEV
7194,VEI
7195,VEL
7196,VELO
7197,VELOU
7198,VELOW
7199,VENA
7200,VENAR
7201,VENAU
7202,VENAW
7203,VEON
7204,VER
7205,VERA
7206,VERB
7207,VERBW
7208,VERI
7209,VERO
7210,VERU
7211,VERX
7212,VERY
7213,VER^F
7214,VET
7215,VFC
7216,VFF
7217,VFL
7218,VG
7219,VGAC
7220,VGI
7221,VGII
7222,VGM
7223,VGR
7224,VGZ
7225,VHAQ
7226,VHC
7227,VHI
7228,VIAC
7229,VIACA
7230,VIACP
7231,VIAO
7232,VIAV
7233,VICI
7234,VICR
7235,VIEW
7236,VIEWW
7237,VIH
7238,VIHAU
7239,VIHAW
7240,VII
7241,VIIAU
7242,VIIAW
7243,VINC
7244,VINO
7245,VINP
7246,VIOT
7247,VIPS
7248,VIR
7249,VIRC
7250,VIRI
7251,VIRT
7252,VIRX
7253,VISL
7254,VIST
7255,VITL
7256,VIV
7257,VIVE
7258,VIVO
7259,VJET
7260,VKI
7261,VKQ
7262,VKTX
7263,VLATU
7264,VLDR
7265,VLDRW
7266,VLGEA
7267,VLO
7268,VLON
7269,VLRS
7270,VLT
7271,VLY
7272,VLYPO
7273,VLYPP
7274,VMAC
7275,VMACU
7276,VMACW
7277,VMAR
7278,VMC
7279,VMD
7280,VMEO
7281,VMI
7282,VMM
7283,VMO
7284,VMW
7285,VNCE
7286,VNDA
7287,VNE
7288,VNET
7289,VNO
7290,VNOM
7291,VNO^K
7292,VNO^L
7293,VNO^M
7294,VNO^N
7295,VNRX
7296,VNT
7297,VNTR
7298,VOC
7299,VOD
7300,VOLT
7301,VOR
7302,VOSO
7303,VOSOU
7304,VOSOW
7305,VOXX
7306,VOYA
7307,VOYA^B
7308,VPCB
7309,VPCBU
7310,VPCBW
7311,VPCC
7312,VPG
7313,VPV
7314,VRA
7315,VRAY
7316,VRCA
7317,VRDN
7318,VREX
7319,VRM
7320,VRME
7321,VRMEW
7322,VRNA
7323,VRNS
7324,VRNT
7325,VRPX
7326,VRRM
7327,VRS
7328,VRSK
7329,VRSN
7330,VRT
7331,VRTS
7332,VRTV
7333,VRTX
7334,VS
7335,VSAT
7336,VSEC
7337,VSH
7338,VSSYW
7339,VST
7340,VSTA
7341,VSTM
7342,VSTO
7343,VTA
7344,VTAQ
7345,VTAQR
7346,VTAQU
7347,VTAQW
7348,VTGN
7349,VTIQ
7350,VTIQU
7351,VTIQW
7352,VTN
7353,VTNR
7354,VTOL
7355,VTR
7356,VTRS
7357,VTRU
7358,VTSI
7359,VTVT
7360,VUZI
7361,VVI
7362,VVNT
7363,VVOS
7364,VVPR
7365,VVR
7366,VVV
7367,VWTR
7368,VXRT
7369,VYGG
7370,VYGR
7371,VYNE
7372,VYNT
7373,VZ
7374,VZIO
7375,W
7376,WAB
7377,WABC
7378,WAFD
7379,WAFDP
7380,WAFU
7381,WAL
7382,WALA
7383,WALD
7384,WALDU
7385,WALDW
7386,WARR
7387,WASH
7388,WAT
7389,WATT
7390,WB
7391,WBA
7392,WBD
7393,WBK
7394,WBS
7395,WBS^F
7396,WBT
7397,WCC
7398,WCC^A
7399,WCN
7400,WD
7401,WDAY
7402,WDC
7403,WDFC
7404,WDH
7405,WEA
7406,WEC
7407,WEI
7408,WELL
7409,WEN
7410,WERN
7411,WES
7412,WETF
7413,WEX
7414,WEYS
7415,WF
7416,WFC
7417,WFCF
7418,WFC^A
7419,WFC^C
7420,WFC^L
7421,WFC^N
7422,WFC^O
7423,WFC^Q
7424,WFC^R
7425,WFC^X
7426,WFC^Y
7427,WFC^Z
7428,WFG
7429,WGO
7430,WH
7431,WHD
7432,WHF
7433,WHFBZ
7434,WHG
7435,WHLM
7436,WHLR
7437,WHLRD
7438,WHLRP
7439,WHR
7440,WIA
7441,WIFI
7442,WILC
7443,WIMI
7444,WINA
7445,WING
7446,WINT
7447,WIRE
7448,WISA
7449,WISH
7450,WIT
7451,WIW
7452,WIX
7453,WK
7454,WKEY
7455,WKHS
7456,WLDN
7457,WLFC
7458,WLK
7459,WLKP
7460,WLL
7461,WLMS
7462,WLTW
7463,WM
7464,WMB
7465,WMC
7466,WMG
7467,WMK
7468,WMPN
7469,WMS
7470,WMT
7471,WNC
7472,WNEB
7473,WNS
7474,WNW
7475,WOOF
7476,WOR
7477,WORK
7478,WORX
7479,WOW
7480,WPC
7481,WPCA
7482,WPCB
7483,WPF
7484,WPG
7485,WPG^H
7486,WPG^I
7487,WPM
7488,WPP
7489,WPRT
7490,WRAP
7491,WRB
7492,WRB^D
7493,WRB^E
7494,WRB^F
7495,WRB^G
7496,WRB^H
7497,WRE
7498,WRI
7499,WRK
7500,WRLD
7501,WRN
7502,WSBC
7503,WSBCP
7504,WSBF
7505,WSC
7506,WSFS
7507,WSM
7508,WSO
7509,WSO/B
7510,WSR
7511,WST
7512,WSTG
7513,WTBA
7514,WTER
7515,WTFC
7516,WTFCM
7517,WTFCP
7518,WTI
7519,WTM
7520,WTRE
7521,WTREP
7522,WTRG
7523,WTRH
7524,WTRU
7525,WTS
7526,WTT
7527,WTTR
7528,WTW
7529,WU
7530,WVE
7531,WVFC
7532,WVVI
7533,WVVIP
7534,WW
7535,WWD
7536,WWE
7537,WWR
7538,WWW
7539,WY
7540,WYNN
7541,WYY
7542,X
7543,XAIR
7544,XBIO
7545,XBIOW
7546,XBIT
7547,XCUR
7548,XEC
7549,XEL
7550,XELA
7551,XELB
7552,XENE
7553,XENT
7554,XERS
7555,XFLT
7556,XFLT^A
7557,XFOR
7558,XGN
7559,XHR
7560,XIN
7561,XL
7562,XLNX
7563,XLRN
7564,XM
7565,XNCR
7566,XNET
7567,XOG
7568,XOM
7569,XOMA
7570,XOMAO
7571,XOMAP
7572,XONE
7573,XP
7574,XPDI
7575,XPDIU
7576,XPDIW
7577,XPEL
7578,XPER
7579,XPEV
7580,XPL
7581,XPO
7582,XPOA
7583,XRAY
7584,XRX
7585,XSPA
7586,XTLB
7587,XTNT
7588,XXII
7589,XYF
7590,XYL
7591,Y
7592,YAC
7593,YALA
7594,YCBD
7595,YCBD^A
7596,YELL
7597,YELP
7598,YETI
7599,YEXT
7600,YGMZ
7601,YI
7602,YJ
7603,YMAB
7604,YMTX
7605,YNDX
7606,YORW
7607,YPF
7608,YQ
7609,YRD
7610,YSAC
7611,YSACU
7612,YSACW
7613,YSG
7614,YTEN
7615,YTPG
7616,YTRA
7617,YUM
7618,YUMC
7619,YVR
7620,YY
7621,Z
7622,ZBH
7623,ZBRA
7624,ZCMD
7625,ZDGE
7626,ZEAL
7627,ZEN
7628,ZEPP
7629,ZEUS
7630,ZEV
7631,ZG
7632,ZGNX
7633,ZGYH
7634,ZGYHR
7635,ZGYHW
7636,ZH
7637,ZI
7638,ZIM
7639,ZION
7640,ZIONL
7641,ZIONN
7642,ZIONO
7643,ZIONP
7644,ZIOP
7645,ZIP
7646,ZIVO
7647,ZIXI
7648,ZKIN
7649,ZLAB
7650,ZM
7651,ZNGA
7652,ZNH
7653,ZNTE
7654,ZNTEU
7655,ZNTEW
7656,ZNTL
7657,ZOM
7658,ZS
7659,ZSAN
7660,ZTO
7661,ZTR
7662,ZTS
7663,ZUMZ
7664,ZUO
7665,ZVO
7666,ZWRK
7667,ZWRKU
7668,ZWRKW
7669,ZY
7670,ZYME
7671,ZYNE
7672,ZYXI
7673,^GSPC
7674,^IXIC
